line,epoch,status,infer_ms,age,obs_pair_dt,obs_t_mono,t_rel,t_rel_intake,wall,plan_id,kind,pair_dup
1,6,clip,273.55108999836375,0.5116980589991726,0.06666667399986181,30876.68913835,0.4956,0.49557517200082657,2026-09-14 20:26:12,1,policy,False
2,6,accept,325.8618710024166,0.527863562998391,0.13333166900338256,30877.222470922003,1.0451,1.0450732480021543,2026-09-14 20:26:13,2,policy,False
3,6,accept,196.8032469994796,0.47102816400001757,0.13333383300050627,30877.679261142,1.445,1.445028068999818,2026-09-14 20:26:13,3,policy,False
4,6,accept,264.14160299827927,0.5382616560018505,0.06666599999880418,30878.212593947,2.0456,2.045594366001751,2026-09-14 20:26:14,4,policy,False
5,6,accept,251.12483499833615,0.5044494210014818,0.1333337060023041,30878.74592768,2.5451,2.5451158640025824,2026-09-14 20:26:14,5,policy,False
6,6,accept,193.08389900106704,0.4932750820007641,0.06666568399668904,30879.212593499,3.0006,3.0006073440017644,2026-09-14 20:26:15,6,policy,False
7,6,accept,223.61936600282206,0.5054196410019358,0.06666644199867733,30879.745928006,3.5461,3.5460864100023173,2026-09-14 20:26:15,7,policy,False
8,6,accept,193.14008699802798,0.48762756799987983,0.06666647399833892,30880.212594678,3.995,3.99496100900069,2026-09-14 20:26:16,8,policy,False
9,6,accept,247.26126600216958,0.4883678880032676,0.13333320699530304,30880.812594421997,4.5957,4.595701073001692,2026-09-14 20:26:16,9,policy,False
10,6,accept,217.26970899908338,0.4627670230001968,0.1333327609972912,30881.287813255,5.0453,5.0453190410007664,2026-09-14 20:26:17,10,policy,False
11,6,clip,275.33520400174893,0.5299955080008658,0.06666742100060219,30881.821147241,5.6459,5.645881512002234,2026-09-14 20:26:17,11,policy,False
12,6,accept,270.0283300000592,0.49610793499596184,0.13333168400640716,30882.354478604004,6.1453,6.145325302000856,2026-09-14 20:26:18,12,policy,False
13,6,clip,328.98930000010296,0.5794592370039027,0.06666600599783123,30882.821146178998,6.6953,6.695344179002859,2026-09-14 20:26:18,13,policy,False
14,6,accept,217.2469680008362,0.44576048299859394,0.13333379500181763,30883.354479880003,7.095,7.094979126002727,2026-09-14 20:26:19,14,policy,False
15,6,late,329.5678760005103,0.628961131998949,0.06666645199948107,30883.821145118,7.7448,7.744845012999576,2026-09-14 20:26:19,15,policy,False
16,6,accept,211.83384399773786,0.5004690400019172,0.13333304899424547,30884.349916809,8.1451,8.145124612001382,2026-09-14 20:26:20,16,policy,False
17,6,accept,284.98374999981024,0.5839161399962904,0.06666682099967147,30884.816583752003,8.6952,8.69523865500014,2026-09-14 20:26:20,17,policy,False
18,6,accept,289.97232399706263,0.5340167380054481,0.06666703499649884,30885.416583321996,9.2453,9.245338823002385,2026-09-14 20:26:21,18,policy,False
19,6,late,302.75905699818395,0.6340125239985355,0.06666776899874094,30885.816583569,9.7453,9.745334856001136,2026-09-14 20:26:21,19,policy,False
20,6,accept,361.91766299816663,0.5838541299999633,0.06666730999859283,30886.416583125,10.2952,10.295176018000348,2026-09-14 20:26:22,20,policy,False
21,6,accept,261.69553399813594,0.5009386210003868,0.13333222399887745,30886.949915316,10.7456,10.745592700000998,2026-09-14 20:26:22,21,policy,False
22,6,accept,244.14907300160849,0.5339710890002607,0.0666666709985293,30887.416583276,11.2453,11.245293128002231,2026-09-14 20:26:23,22,policy,False
23,6,accept,237.2988669994811,0.5003096199980064,0.133332846002304,30887.949915778,11.745,11.744964161000098,2026-09-14 20:26:23,23,policy,False
24,6,accept,202.71407700056443,0.48562576600306784,0.066666124999756,30888.416582612997,12.1969,12.19694714200159,2026-09-14 20:26:24,24,policy,False
25,6,accept,287.0547560014529,0.47597788399798446,0.13333390000479994,30889.024857584,12.7956,12.7955742310005,2026-09-14 20:26:24,25,policy,False
26,6,accept,225.77857400028734,0.45904285599681316,0.06666733000020031,30889.491524365003,13.2453,13.245305984000879,2026-09-14 20:26:25,26,policy,False
27,6,accept,211.97698999822023,0.4922627480009396,0.1333342680009082,30889.95819165,13.7452,13.745193161001225,2026-09-14 20:26:25,27,policy,False
28,6,accept,215.60957800102187,0.5256912320000993,0.06666762799795833,30890.424857427,14.2453,14.24528742199982,2026-09-14 20:26:26,28,policy,False
29,6,accept,295.0469660027011,0.5258691199996974,0.0666684069983603,30891.024858191002,14.8455,14.845466074002616,2026-09-14 20:26:27,29,policy,False
30,6,accept,272.5492339995981,0.4927152019990899,0.13333286599663552,30891.558190331,15.3456,15.34564429600141,2026-09-14 20:26:27,30,policy,False
31,6,clip,204.151019002893,0.47632877200157964,0.06666745300026378,30892.024857057,15.7959,15.795924592002848,2026-09-14 20:26:27,31,policy,False
32,6,accept,278.4267009992618,0.5441770570032531,0.06666669199694297,30892.558189725998,16.3971,16.39710554600242,2026-09-14 20:26:28,32,policy,False
33,6,accept,239.1706160015019,0.46902704700187314,0.13333373299610685,30893.082325694,16.8461,16.84609150400138,2026-09-14 20:26:29,33,policy,False
34,6,accept,237.76137000095332,0.5022758010018151,0.13333278999925824,30893.548991489,17.346,17.346006053001474,2026-09-14 20:26:29,34,policy,False
35,6,accept,224.12763299871585,0.5366613830046845,0.0666679759924591,30894.015657918997,17.8471,17.847058065002784,2026-09-14 20:26:30,35,policy,False
36,6,accept,241.3067420020525,0.5065243270000792,0.13333352099652984,30894.548991227,18.3503,18.35025431699978,2026-09-14 20:26:30,36,policy,False
37,6,accept,226.18719299862278,0.534835734997614,0.06666568599757738,30895.015658117,18.8452,18.845232614999986,2026-09-14 20:26:31,37,policy,False
38,6,late,296.9366310026089,0.6015889029986283,0.13333264599714312,30895.54899092,19.4453,19.445318586000212,2026-09-14 20:26:31,38,policy,False
39,6,accept,210.86200600257143,0.5352031529982924,0.06666700399728143,30896.015657935,19.8456,19.84559985099986,2026-09-14 20:26:32,39,policy,False
40,6,clip,297.49828500280273,0.535196310000174,0.06666767899878323,30896.615658487,20.4456,20.445593560001726,2026-09-14 20:26:32,40,policy,False
41,6,clip,297.32134100049734,0.4979781190013455,0.13333321099707973,30897.153131409,20.9458,20.94584829100131,2026-09-14 20:26:33,41,policy,False
42,6,clip,288.01810200093314,0.5349138150013459,0.0666669490019558,30897.619797591,21.4495,21.449450169002375,2026-09-14 20:26:33,42,policy,False
43,6,clip,286.993893001636,0.4971543319988996,0.13333279300059075,30898.153130856,21.945,21.94502395100062,2026-09-14 20:26:34,43,policy,False
44,6,clip,243.51049700271687,0.482006807000289,0.06666685399977723,30898.619797217,22.3965,22.396542787002545,2026-09-14 20:26:34,44,policy,False
45,6,clip,257.3706729999685,0.4970526820034138,0.13333525999769336,30899.153130969997,22.9449,22.9449224150012,2026-09-14 20:26:35,45,policy,False
46,6,clip,200.02324400047655,0.4809099960002641,0.0666658149966679,30899.619796177998,23.3954,23.39544493699941,2026-09-14 20:26:35,46,policy,False
47,6,late,307.25014000199735,0.6137119550003263,0.06666796399804298,30900.086464085998,23.9949,23.994914803999563,2026-09-14 20:26:36,47,policy,False
48,6,late,401.0942730019451,0.613056329999381,0.06666827900335193,30900.687675947,24.5955,24.59547104000012,2026-09-14 20:26:36,48,policy,False
49,6,clip,297.74452799756546,0.48053512099795626,0.13333293900359422,30901.221008495002,24.9963,24.99628237900106,2026-09-14 20:26:37,49,policy,False
50,6,clip,256.48146299863583,0.4626946770003997,0.06666526600020006,30901.687674984,25.4451,25.445108424002683,2026-09-14 20:26:37,50,policy,False
51,6,accept,285.0721320028242,0.4801043480001681,0.1333337960022618,30902.221008563,25.9959,25.995851674000733,2026-09-14 20:26:38,51,policy,False
52,6,late,297.36647499885294,0.6339975830014737,0.1333352100009506,30902.621009395,26.5497,26.54974574100197,2026-09-14 20:26:38,52,policy,False
53,6,accept,282.0480000009411,0.5457974199962337,0.13333328400403843,30903.154341152003,26.9949,26.994877335000638,2026-09-14 20:26:39,53,policy,False
54,6,late,297.71202000119956,0.6345168760053639,0.06666583299374906,30903.621007739996,27.5503,27.55026337900199,2026-09-14 20:26:39,54,policy,False
55,6,accept,302.01243099872954,0.537940920003166,0.06666580900127883,30904.213415711998,28.0461,28.04609539500234,2026-09-14 20:26:40,55,policy,False
56,6,accept,289.89138799806824,0.5040533839965065,0.13333387800230412,30904.746748445003,28.5455,28.54554059200018,2026-09-14 20:26:40,56,policy,False
57,6,accept,278.9582439982041,0.5383572510036174,0.06666741899971385,30905.213416545997,29.0465,29.046512560002157,2026-09-14 20:26:41,57,policy,False
58,6,accept,274.1056890008622,0.5036620249957195,0.13333277300262125,30905.746748751004,29.5451,29.545149539000704,2026-09-14 20:26:41,58,policy,False
59,6,accept,274.67327500198735,0.5368076830018254,0.06666718499764102,30906.213416361,30.045,30.044962807001866,2026-09-14 20:26:42,59,policy,False
60,6,accept,274.5711110001139,0.5033467359971837,0.13333325600251555,30906.746748977002,30.5448,30.544834476000688,2026-09-14 20:26:42,60,policy,False
61,6,accept,263.39055900098174,0.5367072590015596,0.06666674499865621,30907.213415487997,31.0449,31.044861509999464,2026-09-14 20:26:43,61,policy,False
62,6,accept,244.45649799963576,0.4923405580011604,0.1333322619975661,30907.75799182,31.5451,31.545071141001245,2026-09-14 20:26:43,62,policy,False
63,6,accept,208.44275899798959,0.47769938499914133,0.06666756400227314,30908.22465955,31.9971,31.99709769800029,2026-09-14 20:26:44,63,policy,False
64,6,accept,275.74328199989395,0.4755982889982988,0.13333412100473652,30908.824658984002,32.595,32.59499603600125,2026-09-14 20:26:44,64,policy,False
65,6,accept,244.71874799928628,0.5098906280036317,0.13333239699568367,30909.291324515998,33.096,33.095953907002695,2026-09-14 20:26:45,65,policy,False
66,6,accept,249.46760599777917,0.5424189120021765,0.06666649699764093,30909.757991767998,33.5951,33.59514944300099,2026-09-14 20:26:45,66,policy,False
67,6,clip,238.54062399914255,0.5091591680029524,0.06666690599740832,30910.291324300997,34.0952,34.095222232001106,2026-09-14 20:26:46,67,policy,False
68,6,late,318.7047370010987,0.647473468001408,0.06666762299937545,30910.753975951,34.6962,34.696188182002516,2026-09-14 20:26:46,68,policy,False
69,6,accept,290.2510790008819,0.5628635779976321,0.13333318900185986,30911.287308761002,35.1449,35.14491110200106,2026-09-14 20:26:47,69,policy,False
70,6,accept,296.09165500005474,0.5796601360016211,0.1333330669949646,30911.820641817998,35.695,35.695040717000666,2026-09-14 20:26:47,70,policy,False
71,6,late,271.1547219987551,0.6129932360017847,0.13333333899936406,30912.287308152998,36.195,36.19504015200073,2026-09-14 20:26:48,71,policy,False
72,6,late,358.51890499907313,0.6160025250028411,0.1333332119975239,30912.887308518,36.798,36.79804980600238,2026-09-14 20:26:48,72,policy,False
73,6,accept,243.3285410006647,0.4301634000003105,0.13333344400234637,30913.42064164,37.1455,37.14554380300251,2026-09-14 20:26:49,73,policy,False
74,6,clip,255.16878300186363,0.5140522900001088,0.13333153699932154,30913.887307074,37.6961,37.69609812700219,2026-09-14 20:26:49,74,policy,False
75,6,accept,248.629156001698,0.5477040579971799,0.06666524500178639,30914.353973599,38.1964,38.19641641999988,2026-09-14 20:26:50,75,policy,False
76,6,accept,224.0481259977969,0.5138753940009337,0.06666665699958685,30914.887638304,38.6963,38.69625246100259,2026-09-14 20:26:50,76,policy,False
77,6,clip,203.89824399899226,0.4968557609972777,0.0666664580021461,30915.354303833003,39.1459,39.14589835700099,2026-09-14 20:26:51,77,policy,False
78,6,accept,260.2834069984965,0.4960947790023056,0.0666643929980637,30915.954302959,39.7451,39.74513650100198,2026-09-14 20:26:51,78,policy,False
79,6,accept,275.8135260010022,0.5304575080008362,0.06666665999728139,30916.420970826,40.2462,40.24616709700058,2026-09-14 20:26:52,79,policy,False
80,6,clip,251.46936500095762,0.4958590380010719,0.1333334869996179,30916.954304307,40.7449,40.74490210800286,2026-09-14 20:26:52,80,policy,False
81,6,accept,241.01215100017725,0.5302876380010275,0.06666757700077142,30917.420971108,41.246,41.245997509002336,2026-09-14 20:26:53,81,policy,False
82,6,accept,228.3731949974026,0.49606498399953125,0.13333242000226164,30917.954303375,41.7451,41.74510712200208,2026-09-14 20:26:53,82,policy,False
83,6,late,317.47282699870993,0.6286632459996326,0.06666775199846597,30918.423037309,42.3464,42.34643931800019,2026-09-14 20:26:54,83,policy,False
84,6,accept,192.45234100162634,0.49393665499883355,0.1333325350024097,30918.956369917,42.745,42.745045334999304,2026-09-14 20:26:54,84,policy,False
85,6,accept,277.70883799894364,0.4944371930032503,0.13333366299775662,30919.556369883998,43.3455,43.34554584000216,2026-09-14 20:26:55,85,policy,False
86,6,clip,244.3414049994317,0.48256365899942466,0.06666751599914278,30920.023037698,43.8003,43.80034012000033,2026-09-14 20:26:55,86,policy,False
87,6,clip,215.23378699930618,0.5104152019994217,0.06666663600117317,30920.489702681,44.2949,44.29485664599997,2026-09-14 20:26:56,87,policy,False
88,6,accept,219.16119099842035,0.4815013000006729,0.13333288299691048,30921.023035573,44.7993,44.79927563599995,2026-09-14 20:26:56,88,policy,False
89,6,late,290.7355789975554,0.611476838003,0.0666683909985295,30921.489703694,45.3959,45.395919295002386,2026-09-14 20:26:57,89,policy,False
90,6,clip,259.5859540015226,0.46599914799662656,0.13333298200450372,30922.085016211004,45.8458,45.84575412200138,2026-09-14 20:26:58,90,policy,False
91,6,accept,253.9438549974875,0.5008785819991317,0.13333469899953343,30922.551683094,46.3473,46.34730043899981,2026-09-14 20:26:58,91,policy,False
92,6,accept,200.3878059986164,0.4843889889998536,0.0666656680041342,30923.018348943002,46.7975,46.79747669500284,2026-09-14 20:26:58,92,policy,False
93,6,accept,230.14031699858606,0.4994841669977177,0.13333457600310794,30923.551683492,47.3459,47.34590642200055,2026-09-14 20:26:59,93,policy,False
94,6,late,274.2153600011079,0.6318093729969405,0.0666673100022308,30924.018349606,47.9449,47.94489774199974,2026-09-14 20:27:00,94,policy,False
95,6,accept,270.1819960020657,0.48291201400206774,0.06666658199901576,30924.618349097,48.396,48.39599987400288,2026-09-14 20:27:00,95,policy,False
96,6,accept,371.7732660006732,0.5985037500031467,0.1333337979958742,30925.151682126998,49.0449,49.04492464000214,2026-09-14 20:27:01,96,policy,False
97,6,accept,252.6058049988933,0.532358447999286,0.06666802099789493,30925.618590192,49.4457,49.44568740300019,2026-09-14 20:27:01,97,policy,False
98,6,accept,235.83106200021575,0.4982438539955183,0.13333447000331944,30926.151923735004,49.9449,49.944906352000544,2026-09-14 20:27:02,98,policy,False
99,6,accept,183.38106700321077,0.4845722169993678,0.0666679230016598,30926.618589419002,50.3979,50.39790039900254,2026-09-14 20:27:02,99,policy,False
100,6,accept,256.7445120002958,0.48152337899955455,0.1333309769979678,30927.21858772,50.9948,50.99484986199968,2026-09-14 20:27:03,100,policy,False
101,6,accept,250.37887299913564,0.5148352200012596,0.13333178099856013,30927.68525418,51.4948,51.49482816300224,2026-09-14 20:27:03,101,policy,False
102,6,accept,239.37601600118796,0.5482891899991955,0.06666550999580068,30928.15192063,51.9949,51.99494858300022,2026-09-14 20:27:04,102,policy,False
103,6,accept,241.49103899981128,0.5152380399995309,0.06666619099632953,30928.685253877,52.4952,52.49523068000053,2026-09-14 20:27:04,103,policy,False
104,6,accept,231.12002800189657,0.48251032100233715,0.13333227299517603,30929.218586855997,52.9958,52.99583594000069,2026-09-14 20:27:05,104,policy,False
105,6,late,313.00626799929887,0.622461413997371,0.13333290200171177,30929.677971461002,53.5952,53.595171638000465,2026-09-14 20:27:05,105,policy,False
106,6,late,277.82418000060716,0.6060065389974625,0.06666581600075006,30930.144637012003,54.0454,54.04538231400147,2026-09-14 20:27:06,106,policy,False
107,6,late,289.0529960022832,0.622476848999213,0.13333560099999886,30930.67797141,54.5952,54.59518702200148,2026-09-14 20:27:06,107,policy,False
108,6,accept,263.36375800019596,0.4760935140038782,0.13333375999718555,30931.277971370997,55.0488,55.04880364800192,2026-09-14 20:27:07,108,policy,False
109,6,accept,229.87046500202268,0.5059201879994362,0.06666689199846587,30931.744636336,55.5453,55.545295287000044,2026-09-14 20:27:07,109,policy,False
110,6,accept,215.5000229977304,0.5393383519985946,0.06666642100026365,30932.211303595002,56.0454,56.045380710002064,2026-09-14 20:27:08,110,policy,False
111,6,late,300.4106089974812,0.6057293160047266,0.13333233199591632,30932.744636230997,56.6451,56.64510431000235,2026-09-14 20:27:08,111,policy,False
112,6,accept,249.99750799906906,0.4439330679997511,0.13333269999930053,30933.356686083,57.0954,57.09535791400049,2026-09-14 20:27:09,112,policy,False
113,8,accept,271.91030199901434,0.4620687500027998,0.06666551799571607,30944.088393842998,0.3492,0.34921779800060904,2026-09-14 20:27:20,114,policy,False
114,8,accept,274.1353749988775,0.5467122190020746,0.06666741199660464,30944.555061127998,0.9005,0.9005285519997415,2026-09-14 20:27:20,115,policy,False
115,8,accept,242.92337800216046,0.46328063500186545,0.13333369699466857,30945.088394633996,1.3504,1.3504304739981308,2026-09-14 20:27:21,116,policy,False
116,8,accept,227.28839100091136,0.4954611320026743,0.13333267999405507,30945.555060785,1.8493,1.8492771220007853,2026-09-14 20:27:21,117,policy,False
117,8,accept,285.53343300154665,0.579002179998497,0.06666578899967135,30946.021726985,2.3995,2.3994843699983903,2026-09-14 20:27:22,118,policy,False
118,8,accept,276.1572649978916,0.4784194529966044,0.06666879600379616,30946.621726903002,2.8989,2.898901560998638,2026-09-14 20:27:22,119,policy,False
119,8,late,285.6411590000789,0.6290718149975874,0.06666781400053878,30947.021727245003,3.4496,3.449554265000188,2026-09-14 20:27:23,120,policy,False
120,8,clip,283.07792699706624,0.5313280469999881,0.06666682200375362,30947.619468795,3.9496,3.949552047000907,2026-09-14 20:27:23,121,policy,False
121,8,clip,255.93268900047406,0.44749864199911826,0.1333311380003579,30948.152800632,4.3991,4.39905447899946,2026-09-14 20:27:24,122,policy,False
122,8,accept,229.10675700040883,0.4835984899982577,0.0666681869988679,30948.61946774,4.9018,4.901821434999874,2026-09-14 20:27:24,123,policy,False
123,8,late,281.4199410022411,0.6140045770007418,0.06666640600087703,30949.08613475,5.4989,5.498894532000122,2026-09-14 20:27:25,124,policy,False
124,8,accept,259.04767899919534,0.46405320299891173,0.06666748199859285,30949.686134642,5.9489,5.948943049999798,2026-09-14 20:27:25,125,policy,False
125,8,clip,253.89402299697394,0.49880257199765765,0.0666663569973025,30950.152801446002,6.4504,6.450359222999396,2026-09-14 20:27:26,126,policy,False
126,8,accept,205.20905800003675,0.4651309939981729,0.13274790000286885,30950.685548226003,6.9494,6.949434425001527,2026-09-14 20:27:26,127,policy,False
127,8,accept,167.79406899877358,0.3815866979966813,0.06666747800045414,30951.218881211003,7.3992,7.399223114000051,2026-09-14 20:27:27,128,policy,False
128,8,accept,242.73118199926103,0.5150509049999528,0.06666637600210379,30951.685547596,7.9994,7.999353705999965,2026-09-14 20:27:27,129,policy,False
129,8,clip,202.76355099849752,0.498454638000112,0.0666665210010251,30952.152213866,8.4494,8.449423709000257,2026-09-14 20:27:28,130,policy,False
130,8,accept,276.8461859996023,0.49961308799902326,0.13333430599959684,30952.752214157,9.0506,9.050582449999638,2026-09-14 20:27:28,131,policy,False
131,8,accept,227.89936600020155,0.4820178139998461,0.06666617899463745,30953.218879554,9.4997,9.499652572998457,2026-09-14 20:27:29,132,policy,False
132,8,accept,230.51844500150764,0.4987104299980274,0.13333379499817966,30953.752213814,10.0497,10.049679448999086,2026-09-14 20:27:29,133,policy,False
133,8,late,305.276088998653,0.6314057739982673,0.06666743700043298,30954.218880493,10.649,10.649041471999226,2026-09-14 20:27:30,134,policy,False
134,8,accept,295.38742899967474,0.5347413150011562,0.06666621300246334,30954.81652566,11.15,11.150022180001542,2026-09-14 20:27:30,135,policy,False
135,8,late,290.58535000149277,0.6381460450029408,0.0666670409955259,30955.216525698997,11.6534,11.653426949000277,2026-09-14 20:27:31,136,policy,False
136,8,late,375.0029509974411,0.6345074110031419,0.06666613099878305,30955.8165255,12.2498,12.249788116001582,2026-09-14 20:27:31,137,policy,False
137,8,clip,264.83500200265553,0.5006640070023423,0.13333179699839093,30956.349858241,12.6493,12.64927745300156,2026-09-14 20:27:32,138,policy,False
138,8,clip,222.43576600158121,0.48391315700428095,0.06666884799778927,30956.816526404997,13.0992,13.099194767000881,2026-09-14 20:27:32,139,policy,False
139,8,late,296.77158299818984,0.6174703849974321,0.0666677380031615,30957.283192089002,13.6994,13.699417678999453,2026-09-14 20:27:33,140,policy,False
140,8,clip,308.8309439990553,0.5140262560016708,0.13705757499701576,30957.886915114,14.1997,14.199696575000416,2026-09-14 20:27:33,141,policy,False
141,8,clip,242.68153500088374,0.49689554100405076,0.06666741199660464,30958.353582214997,14.6492,14.649232961000962,2026-09-14 20:27:34,142,policy,False
142,8,clip,234.75361700184294,0.5310198799998034,0.06666697299806401,30958.820248694,15.15,15.15002377899873,2026-09-14 20:27:34,143,policy,False
143,8,clip,292.8223099988827,0.5975613679984235,0.1333354579983279,30959.353582304,15.7499,15.749898876998486,2026-09-14 20:27:35,144,policy,False
144,8,clip,257.4504869990051,0.45048006500292104,0.13333374399371678,30959.953581707996,16.2028,16.202816977998737,2026-09-14 20:27:35,145,policy,False
145,8,clip,337.93126800082973,0.5801059370023722,0.1333328669970797,30960.420247832997,16.7991,16.7991089749994,2026-09-14 20:27:36,146,policy,False
146,8,clip,200.71410699893022,0.4633061450003879,0.13333352499830653,30960.886914749,17.149,17.14897609900072,2026-09-14 20:27:36,147,policy,False
147,8,clip,299.5087999988755,0.5312718410023081,0.0666667499972391,30961.420247611997,17.7503,17.750274657999398,2026-09-14 20:27:37,148,policy,False
148,8,clip,283.2145130014396,0.4970257399982074,0.1333335210038058,30961.953580871002,18.2494,18.2493618160006,2026-09-14 20:27:37,149,policy,False
149,8,clip,247.59784699926968,0.4832166810010676,0.0666665919998195,30962.41754161,18.6995,18.6995134960016,2026-09-14 20:27:38,150,policy,False
150,8,clip,224.77317700031563,0.5162819760007551,0.06666541600134224,30962.884207395,19.1992,19.199244576000638,2026-09-14 20:27:38,151,policy,False
151,8,late,297.64643800081103,0.6493683500011684,0.06666752899764106,30963.350875391,19.799,19.79899894600021,2026-09-14 20:27:39,152,policy,False
152,8,clip,257.6713979979104,0.49970169700100087,0.0666671539984236,30963.950875398998,20.2493,20.249332300998503,2026-09-14 20:27:39,153,policy,False
153,8,clip,249.13171200023498,0.5332331040044664,0.06666632599808509,30964.417540446997,20.7495,20.749528756001382,2026-09-14 20:27:40,154,policy,False
154,8,clip,240.60227500012843,0.4998064580031496,0.13333258599595865,30964.950873108995,21.2494,21.249434771998494,2026-09-14 20:27:40,155,policy,False
155,8,clip,223.2914640007948,0.5330244770048012,0.06666704699819093,30965.417541108996,21.7493,21.749320791001082,2026-09-14 20:27:41,156,policy,False
156,8,clip,224.51231599916355,0.4930261949994019,0.14000895700155525,30965.957549556002,22.2493,22.24933095600136,2026-09-14 20:27:41,157,policy,False
157,8,clip,196.4962479978567,0.5273061200023221,0.06666690799829667,30966.424215499,22.7503,22.75027682400105,2026-09-14 20:27:42,158,policy,False
158,8,clip,251.67184399833786,0.47795797899743775,0.1333336980023887,30967.024216262,23.3009,23.300929445998918,2026-09-14 20:27:42,159,policy,False
159,8,clip,255.6233350005641,0.5092435500046122,0.13333354699716438,30967.490882291997,23.7989,23.798881047001487,2026-09-14 20:27:43,160,policy,False
160,8,clip,249.7343169998203,0.4773065230001521,0.1333345860002737,30968.024215743,24.3003,24.3002774710003,2026-09-14 20:27:43,161,policy,False
161,8,clip,212.50449600120191,0.4592703350026568,0.13333401199633954,30968.490882120997,24.7489,24.748907660999976,2026-09-14 20:27:44,162,policy,False
162,8,accept,266.4965520016267,0.45925719200022286,0.1333341420031502,30969.090882308,25.3489,25.34889470499911,2026-09-14 20:27:45,163,policy,False
163,8,accept,324.87048500115634,0.5425105979957152,0.13333369600513834,30969.557548753004,25.8988,25.898814555999706,2026-09-14 20:27:45,164,policy,False
164,8,accept,317.61186299991095,0.5784515580016887,0.06666530900110956,30970.022308705,26.3995,26.399515468001482,2026-09-14 20:27:46,165,policy,False
165,8,accept,215.9659310018469,0.511124483000458,0.066667310999037,30970.48897608,26.7989,26.798855768000067,2026-09-14 20:27:46,166,policy,False
166,8,accept,279.77573400130495,0.512903342001664,0.06666624100034824,30971.088975762,27.4006,27.400634309000452,2026-09-14 20:27:47,167,policy,False
167,8,accept,266.3919070000702,0.5449835480030742,0.06666686099561048,30971.555642230996,27.8994,27.899380983999436,2026-09-14 20:27:47,168,policy,False
168,8,accept,258.7810379991424,0.5112022560024343,0.13333236599646625,30972.088974442,28.3989,28.39893190300063,2026-09-14 20:27:48,169,policy,False
169,8,accept,246.26825000086683,0.5450114070008567,0.06666737699561054,30972.555642364998,28.8994,28.89940897699853,2026-09-14 20:27:48,170,policy,False
170,8,accept,210.63661300286185,0.46172427400233573,0.13333393599896226,30973.088975336,29.3495,29.34945481500108,2026-09-14 20:27:49,171,policy,False
171,8,late,346.8674040013866,0.6303976600029273,0.06517549399723066,30973.620817324998,30.05,30.04997019000075,2026-09-14 20:27:49,172,policy,False
172,8,accept,326.0428800022055,0.5461186569991696,0.13333374300054857,30974.154150011,30.499,30.499023872998805,2026-09-14 20:27:50,173,policy,False
173,10,accept,257.6404720020946,0.4699762349955563,0.13333285200496903,31013.081149847003,0.4477,0.4476779689975956,2026-09-14 20:28:29,174,policy,False
174,10,accept,220.26924600140774,0.4524097730027279,0.1333325369960221,31013.547816650997,0.8968,0.8967783109983429,2026-09-14 20:28:29,175,policy,False
175,10,accept,274.89430099740275,0.4692974729987327,0.13333452800361556,31014.081149951002,1.447,1.4469993109996722,2026-09-14 20:28:30,176,policy,False
176,10,accept,297.09979399922304,0.5531066310031747,0.06666676999884658,31014.547817227998,1.9975,1.9974757460004184,2026-09-14 20:28:30,177,policy,False
177,10,late,275.6103579995397,0.6031142840001849,0.06666680899797939,31014.947817508,2.4475,2.4474836789995607,2026-09-14 20:28:31,178,policy,False
178,10,accept,260.9364359996107,0.5533457060009823,0.06666663700161735,31015.547817209,2.9977,2.9977148020007007,2026-09-14 20:28:31,179,policy,False
179,10,accept,225.43013900212827,0.5360004150024906,0.06666593799673137,31016.014482371997,3.447,3.4470346739981323,2026-09-14 20:28:32,180,policy,False
180,10,accept,192.39301899870043,0.45116058900021017,0.13333449200217729,31016.549751272,3.8975,3.8974637479986995,2026-09-14 20:28:32,181,policy,False
181,10,accept,223.393293999834,0.4674001799976395,0.06666716300242115,31017.083084039,4.447,4.44703610599754,2026-09-14 20:28:33,182,policy,False
182,10,late,429.0437359995849,0.7552927390024706,0.06666707299882546,31017.549750062997,5.2016,5.201594688998739,2026-09-14 20:28:33,183,policy,False
183,10,accept,235.49955599810346,0.517742833995726,0.06666714000311913,31018.083084275004,5.4974,5.497378995998588,2026-09-14 20:28:34,184,policy,False
184,10,late,261.1918920010794,0.6016164880020369,0.0666664589989523,31018.549749291997,6.0479,6.047917666997819,2026-09-14 20:28:34,185,policy,False
185,10,accept,222.9928269989614,0.45198297599927173,0.1333326180028962,31019.149749664,6.4983,6.498284526998759,2026-09-14 20:28:35,186,policy,False
186,10,accept,203.22863799810875,0.4801324010004464,0.13799165499949595,31019.62107495,6.9978,6.9977592379982525,2026-09-14 20:28:35,187,policy,False
187,10,late,266.66553700124496,0.7465444429981289,0.0666658880036266,31019.954407487003,7.5975,7.597503816999961,2026-09-14 20:28:36,188,policy,False
188,10,accept,274.05320500110975,0.5127574369980721,0.0666665210010251,31020.687740941,8.0971,8.09705026499796,2026-09-14 20:28:36,189,policy,False
189,10,accept,252.75496000176645,0.5477252929995302,0.06666796300487476,31021.154408079,8.5987,8.598685258999467,2026-09-14 20:28:37,190,policy,False
190,10,accept,259.6410289988853,0.5128290629982075,0.13333360900287516,31021.687740778,9.0971,9.097121727998456,2026-09-14 20:28:37,191,policy,False
191,10,accept,241.18657800136134,0.5461436619989399,0.06666544600375346,31022.154406731002,9.5971,9.5971022800004,2026-09-14 20:28:38,192,policy,False
192,10,late,316.5911980031524,0.6169892859943502,0.13333183400391135,31022.687740360005,10.2013,10.20128153299811,2026-09-14 20:28:38,193,policy,False
193,10,accept,230.73429899886833,0.5464425799982564,0.06666631100233644,31023.154407313003,10.5974,10.597401779999927,2026-09-14 20:28:39,194,policy,False
194,10,late,311.3585120008793,0.6184575719962595,0.13333250700452481,31023.683086908004,11.1981,11.19809636699938,2026-09-14 20:28:39,195,policy,False
195,10,late,305.2560779979103,0.6507156560001022,0.06666733599922736,31024.149753652,11.697,11.697021194999252,2026-09-14 20:28:40,196,policy,False
196,10,late,292.77951499898336,0.6177110489988991,0.06666694600062328,31024.683086705,12.1973,12.197349640999164,2026-09-14 20:28:40,197,policy,False
197,10,accept,291.6925089994038,0.5179696140003216,0.13333410400082357,31025.283087126998,12.6976,12.697608627997397,2026-09-14 20:28:41,198,policy,False
198,10,accept,252.0102640010009,0.4847474650014192,0.13333375900037936,31025.816419992,13.1977,13.197719343999779,2026-09-14 20:28:41,199,policy,False
199,10,accept,219.85057400161168,0.5172275429977162,0.1333339970005909,31026.283086726,13.6969,13.696866155998578,2026-09-14 20:28:42,200,policy,False
200,10,accept,219.1461309994338,0.4841092860006029,0.1333328239961702,31026.816420039,14.1971,14.197081211998011,2026-09-14 20:28:42,201,policy,False
201,10,accept,227.76308700122172,0.5172171889971651,0.13333310300004086,31027.283086128,14.6969,14.696855203997984,2026-09-14 20:28:43,202,policy,False
202,10,accept,193.1889039988164,0.5440268140046101,0.0666660739989311,31027.756044954996,15.1966,15.196623656000156,2026-09-14 20:28:43,203,policy,False
203,10,accept,274.304578997544,0.5470905940019293,0.06666632499764091,31028.356045038,15.7997,15.799687519000145,2026-09-14 20:28:44,204,policy,False
204,10,accept,289.1779910023615,0.5113922050004476,0.13333263700042153,31028.88937758,16.2973,16.29732167199836,2026-09-14 20:28:44,205,policy,False
205,10,accept,262.75321900175186,0.5525027019975823,0.06666581999888876,31029.356044632,16.8051,16.805099220997363,2026-09-14 20:28:45,206,policy,False
206,10,clip,157.63342400168767,0.4112472760025412,0.0666671459985082,31029.889378153,17.1972,17.197177316000307,2026-09-14 20:28:45,207,policy,False
207,10,accept,251.42587300069863,0.5443958829964686,0.06666725700051757,31030.356045554003,17.797,17.796993323998322,2026-09-14 20:28:46,208,policy,False
208,10,accept,224.43668100095238,0.51094414399995,0.13333370599866612,31030.889377993,18.2969,18.296874023999408,2026-09-14 20:28:46,209,policy,False
209,10,accept,221.55627800020739,0.544244434000575,0.0666660300012154,31031.356043837,18.7968,18.796840158000123,2026-09-14 20:28:47,210,policy,False
210,10,late,311.9195529980061,0.6158598010006244,0.062008505999983754,31031.88471921,19.3971,19.397130897999887,2026-09-14 20:28:47,211,policy,False
211,10,accept,303.31423100142274,0.5155329589979374,0.06666787799986196,31032.484719664,19.8968,19.89680450999731,2026-09-14 20:28:48,212,policy,False
212,10,accept,273.5324120003497,0.5490351779990306,0.06666679699992528,31032.951386094002,20.397,20.39697315900048,2026-09-14 20:28:48,213,policy,False
213,10,clip,288.89674300080515,0.515612669998518,0.133335784998053,31033.484719204,20.8969,20.896883760997298,2026-09-14 20:28:49,214,policy,False
214,10,accept,285.79886900115525,0.4832032939993951,0.13333317399883526,31034.01805213,21.3978,21.39780731099745,2026-09-14 20:28:49,215,policy,False
215,10,accept,255.47861000086414,0.5158216139971046,0.06666831099937554,31034.484718309002,21.8971,21.89709180999853,2026-09-14 20:28:50,216,policy,False
216,10,accept,250.3639659989858,0.5488703209957748,0.0666672560000734,31034.951385177003,22.3968,22.396807384997373,2026-09-14 20:28:50,217,policy,False
217,10,accept,238.63390699989395,0.5157941280012892,0.13333180299741798,31035.484716469,22.8971,22.897062484000344,2026-09-14 20:28:51,218,policy,False
218,10,accept,235.87629499888862,0.5528817249978601,0.0666667139994388,31035.951384659,23.4008,23.40081827099857,2026-09-14 20:28:51,219,policy,False
219,10,accept,214.2283569992287,0.5105925409952761,0.13333473600505386,31036.489654570003,23.8968,23.896798997997394,2026-09-14 20:28:52,220,policy,False
220,10,accept,256.24621600218234,0.46143309800027055,0.13333283199972357,31037.08965282,24.4476,24.44763780499852,2026-09-14 20:28:53,221,policy,False
221,10,accept,251.9967309999629,0.4938424549982301,0.13333388899627607,31037.556320495,24.9467,24.94671483699858,2026-09-14 20:28:53,222,policy,False
222,10,accept,249.53493899738532,0.528002718998323,0.06666639600007329,31038.022986585,25.4475,25.44754119099889,2026-09-14 20:28:54,223,policy,False
223,10,accept,224.29684300004737,0.4957072340002924,0.13333427499674144,31038.556320206,25.9486,25.948579326999607,2026-09-14 20:28:54,224,policy,False
224,10,accept,234.42647399861016,0.5272563029975572,0.06666649000180769,31039.022985718002,26.4468,26.446793907998654,2026-09-14 20:28:55,225,policy,False
225,10,clip,304.40919200191274,0.5962940909994359,0.1313559010013705,31039.554342935,27.0472,27.047188912998536,2026-09-14 20:28:55,226,policy,False
226,10,accept,296.4799689980282,0.4970344680004928,0.13333284300097148,31040.154342523,27.5479,27.547928878000675,2026-09-14 20:28:56,227,policy,False
227,10,accept,298.18603999956395,0.5965880240037222,0.13333452699589543,31040.554342936997,28.0475,28.047482848000072,2026-09-14 20:28:56,228,policy,False
228,10,accept,272.37577000050806,0.5793131110003742,0.06666649299950222,31041.02100891,28.4969,28.496873907999543,2026-09-14 20:28:57,229,policy,False
229,10,accept,273.83274900057586,0.5292132100039453,0.06666794699413003,31041.621009331997,29.0468,29.046774428999925,2026-09-14 20:28:57,230,policy,False
230,10,accept,274.62188500066986,0.49625162099982845,0.1333326540006965,31042.15434167,29.5471,29.547145177999482,2026-09-14 20:28:58,231,policy,False
231,10,late,331.8147569989378,0.6296927279981901,0.06666680499984068,31042.621008792,30.1473,30.14725340699806,2026-09-14 20:28:58,232,policy,False
232,10,accept,249.67430800097645,0.49632682199808187,0.1333326380008657,31043.154341649002,30.5472,30.547220357999322,2026-09-14 20:28:59,233,policy,False
233,10,late,336.1020060001465,0.6308640470015234,0.06666540199876181,31043.619364877,31.1468,31.14678081099919,2026-09-14 20:28:59,234,policy,False
234,10,accept,222.60538399859797,0.4984092820013757,0.13333344499915256,31044.152699483,31.5477,31.54766065199874,2026-09-14 20:29:00,235,policy,False
235,10,accept,202.9131689996575,0.5308792360010557,0.06665949299713247,31044.619369141998,32.0468,32.04680026499773,2026-09-14 20:29:00,236,policy,False
236,10,accept,284.7516080000787,0.5984691490011755,0.133329751995916,31045.152699361,32.6477,32.64772039699892,2026-09-14 20:29:01,237,policy,False
237,10,accept,272.5442729970382,0.4977741300026537,0.13334100000065519,31045.752706070998,33.147,33.14703208799983,2026-09-14 20:29:01,238,policy,False
238,10,accept,268.5641280004347,0.5307312299955811,0.0666679740024847,31046.219365088004,33.6466,33.6466482049982,2026-09-14 20:29:02,239,policy,False
239,10,accept,249.0610899985768,0.49760890700054006,0.13333238400082337,31046.752697665,34.1469,34.146858459000214,2026-09-14 20:29:02,240,policy,False
240,10,accept,247.4910679993627,0.5313580469955923,0.0666665800017654,31047.219364480003,34.6473,34.647274413997366,2026-09-14 20:29:03,241,policy,False
241,10,accept,221.36689200124238,0.4993042089990922,0.13333470299767214,31047.751360125,35.1472,35.14721622099751,2026-09-14 20:29:03,242,policy,False
242,10,clip,217.03104399784934,0.5330821150018892,0.06667003999973531,31048.218028381998,35.6477,35.64766238399898,2026-09-14 20:29:04,243,policy,False
243,10,accept,277.86971099703806,0.5498191570004565,0.13332956600061152,31048.751357729,36.1977,36.19772877300056,2026-09-14 20:29:04,244,policy,False
244,10,late,300.1806169995689,0.6325151710007049,0.1333334949995333,31049.218026307,36.7471,36.74709336500018,2026-09-14 20:29:05,245,policy,False
245,10,accept,304.1773950026254,0.5327552929993544,0.06666464200316113,31049.818024788,37.2473,37.247331967999344,2026-09-14 20:29:05,246,policy,False
246,10,clip,287.4120610031241,0.49904196599891293,0.1333337060023041,31050.351358468,37.747,37.74695232099839,2026-09-14 20:29:06,247,policy,False
247,10,accept,282.80769200137,0.5321083089984313,0.06666705899988301,31050.818025002,38.2467,38.246685197998886,2026-09-14 20:29:06,248,policy,False
248,10,accept,374.15137099742424,0.5992198610038031,0.13333431999853929,31051.351359247998,38.8471,38.84713099600049,2026-09-14 20:29:07,249,policy,False
249,10,accept,253.889456998877,0.5307683259998157,0.06666653600041172,31051.819972695,39.2473,39.24729290799951,2026-09-14 20:29:07,250,policy,False
250,10,late,619.842748001247,0.8978192009999475,0.13333339400196564,31052.353305650002,40.1477,40.14767673800088,2026-09-14 20:29:08,251,policy,False
251,10,late,648.0489870009478,0.8829965050026658,0.13333244299792568,31053.019972620998,40.7995,40.79952101299932,2026-09-14 20:29:09,252,policy,False
252,10,late,496.0533849989588,0.815687981001247,0.13333330800014664,31053.6866409,41.3989,41.3988807679998,2026-09-14 20:29:09,253,policy,False
253,10,accept,275.5203180022363,0.5139015449967701,0.06666685100572067,31054.286638429003,41.6971,41.697091860998626,2026-09-14 20:29:10,254,policy,False
254,10,late,369.07318999874406,0.6468229989986867,0.06666551899979822,31054.753304875,42.2967,42.29667976099881,2026-09-14 20:29:10,255,policy,False
255,10,accept,236.23103499994613,0.4637499669988756,0.06666625000434578,31055.286637655,42.6469,42.64693950899891,2026-09-14 20:29:11,256,policy,False
256,10,clip,263.2237349971547,0.5460330509995401,0.06666556100390153,31055.754612797,43.1972,43.19719773500037,2026-09-14 20:29:11,257,policy,False
257,10,accept,277.98224200159893,0.49571864799872856,0.13333671499640332,31056.354614967,43.7469,43.746885501997895,2026-09-14 20:29:12,258,policy,False
258,10,accept,273.2925910022459,0.5292744069993205,0.06666585800121538,31056.821278598,44.2471,44.24710489199788,2026-09-14 20:29:12,259,policy,False
259,10,accept,222.85384600036195,0.5132203899993328,0.06666759200015804,31057.287946316,44.6977,44.69771859299726,2026-09-14 20:29:13,260,policy,False
260,10,accept,256.8160539995006,0.46282225500181084,0.13333353100097156,31057.887945297,45.2473,45.24731943900042,2026-09-14 20:29:13,261,policy,False
261,10,accept,242.40703100076644,0.49651160500434344,0.13333287699424545,31058.354612027997,45.7477,45.747675520000485,2026-09-14 20:29:14,262,policy,False
262,10,accept,273.1870739989972,0.5790051920012047,0.13333512600001995,31058.821279485,46.2968,46.29683656400084,2026-09-14 20:29:14,263,policy,False
263,10,clip,252.1939949983789,0.4957901980014867,0.06666646199664683,31059.354408209998,46.7468,46.74675029499849,2026-09-14 20:29:15,264,policy,False
264,10,accept,215.6050019984832,0.5312714840001718,0.06666455199956545,31059.821075141,47.2489,47.24889851199987,2026-09-14 20:29:15,265,policy,False
265,10,accept,264.5774929987965,0.4807204360040487,0.06666581899480661,31060.421075601997,47.7983,47.79834792499969,2026-09-14 20:29:16,266,policy,False
266,10,accept,203.2857049998711,0.46315251199848717,0.13333381899792585,31060.887741964,48.2474,48.247446362998744,2026-09-14 20:29:16,267,policy,False
267,10,accept,228.87935899780132,0.42948552500092774,0.06666840400066576,31061.421076264,48.7471,48.74711367599957,2026-09-14 20:29:17,268,policy,False
268,10,accept,233.95752400028869,0.5129650679991755,0.1333329289991525,31061.887741444,49.2973,49.297258398997656,2026-09-14 20:29:17,269,policy,False
269,10,accept,267.2001110004203,0.5960329780027678,0.06666799399317824,31062.354408631996,49.847,49.84699349699804,2026-09-14 20:29:18,270,policy,False
270,10,accept,250.97846499920706,0.49628034900160856,0.1333334119990468,31062.954406791,50.3472,50.34723902699989,2026-09-14 20:29:18,271,policy,False
271,10,accept,214.09730100276647,0.4821582139993552,0.13055953499861062,31063.418300944002,50.797,50.797011045000545,2026-09-14 20:29:19,272,policy,False
272,10,accept,270.823302998906,0.4819416899990756,0.1333331569985603,31064.018298943,51.3968,51.39679251999769,2026-09-14 20:29:19,273,policy,False
273,10,accept,209.30770100312657,0.4653593940020073,0.13333150499965996,31064.484966411997,51.8469,51.84687769299853,2026-09-14 20:29:20,274,policy,False
274,10,accept,289.9131710000802,0.5319518430005701,0.06666601300094044,31065.018299223,52.4468,52.44680295299986,2026-09-14 20:29:21,275,policy,False
275,10,accept,287.9671769987908,0.5000515660030942,0.13333232399600092,31065.551631631,52.9482,52.94823508400077,2026-09-14 20:29:21,276,policy,False
276,10,accept,232.70962500100723,0.48295226199843455,0.066670279004029,31066.018302267003,53.3978,53.397806416000094,2026-09-14 20:29:21,277,policy,False
277,10,late,296.28129200136755,0.6209775370007264,0.1333342489997449,31066.484965926,54.0025,54.00249534999966,2026-09-14 20:29:22,278,policy,False
278,10,accept,247.84700899908785,0.46587111800181447,0.13333286499619135,31067.084966852,54.4474,54.44738985699951,2026-09-14 20:29:23,279,policy,False
279,10,accept,216.05849700063118,0.4509831969990046,0.13333447100012563,31067.551634209,54.8992,54.89916929299943,2026-09-14 20:29:23,280,policy,False
280,10,accept,252.65100599790458,0.46271291300217854,0.06666684099764097,31068.0878589,55.4471,55.44712369999979,2026-09-14 20:29:24,281,policy,False
281,10,accept,214.46186500179465,0.4956611640009214,0.0666680809990794,31068.554526186,55.9467,55.94673923699884,2026-09-14 20:29:24,282,policy,False
282,10,late,297.5795720012684,0.6290647870009707,0.0666673619998619,31069.021192686,56.5468,56.546809359999315,2026-09-14 20:29:25,283,policy,False
283,10,clip,375.8574460007367,0.5789005720034766,0.0666672409970488,31069.621192294,57.0966,57.096644753000874,2026-09-14 20:29:25,284,policy,False
284,10,accept,256.8968279992987,0.44601058199987165,0.13333335000061197,31070.154525225,57.4971,57.497087693998765,2026-09-14 20:29:26,285,policy,False
285,10,accept,218.60527100216132,0.4791585969978769,0.06666595899878303,31070.621191276,57.9969,57.996901759997854,2026-09-14 20:29:26,286,policy,False
286,10,accept,251.40224500137265,0.4956032409972977,0.06666430700715864,31071.154522695004,58.5467,58.54667782300021,2026-09-14 20:29:27,287,policy,False
287,10,accept,239.91283899886184,0.5289834910036006,0.06666354899425642,31071.621191337996,59.0467,59.046726715998375,2026-09-14 20:29:27,288,policy,False
288,10,accept,208.12813299926347,0.4474866230011685,0.13149526500274078,31072.152686555,59.4967,59.496725065000646,2026-09-14 20:29:28,289,policy,False
289,10,accept,236.51026700099465,0.464173133001168,0.0666667650002637,31072.686021596,60.0467,60.046746616000746,2026-09-14 20:29:28,290,policy,False
290,10,accept,286.9955449968984,0.5480867510013923,0.13333329999659327,31073.152687526,60.5973,60.59732616399924,2026-09-14 20:29:29,291,policy,False
291,10,accept,280.1225909970526,0.5643130940006813,0.06666553399918485,31073.686020701,61.1469,61.146885681999265,2026-09-14 20:29:29,292,policy,False
292,10,accept,216.4699910026684,0.4308398740031407,0.13333406899982947,31074.219354804998,61.5467,61.546746566000365,2026-09-14 20:29:30,293,policy,False
293,10,accept,190.22259999837843,0.46451697500015143,0.13333271100054844,31074.68602082,62.0471,62.04708968200066,2026-09-14 20:29:30,294,policy,False
294,10,late,379.8180429985223,0.6308547940025164,0.06666532100280165,31075.219353808,62.7468,62.746760489000735,2026-09-14 20:29:31,295,policy,False
295,10,accept,353.81199000039487,0.5478711389987438,0.13333464300376363,31075.752688025,63.1971,63.1971110509985,2026-09-14 20:29:31,296,policy,False
296,10,accept,260.83758599997964,0.5295875689989771,0.13521608100199956,31076.221236707002,63.6474,63.647376163000445,2026-09-14 20:29:32,297,policy,False
297,10,clip,233.2733110015397,0.5137043960021401,0.06666706099713338,31076.687903603997,64.0982,64.09815988699847,2026-09-14 20:29:32,298,policy,False
298,10,accept,205.5123440004536,0.479896885000926,0.06666706699979841,31077.221236105,64.5977,64.59768487700057,2026-09-14 20:29:33,299,policy,False
299,10,accept,152.32190400274703,0.3969124989962438,0.06666606400176533,31077.754569413002,65.048,65.0480337989975,2026-09-14 20:29:33,300,policy,False
300,10,accept,291.0512199996447,0.5794007939985022,0.1333334350019868,31078.221235887002,65.6972,65.69718856799955,2026-09-14 20:29:34,301,policy,False
301,10,accept,243.33135900087655,0.47902891900230316,0.1333346069950494,31078.821236431,66.1968,66.19681723699978,2026-09-14 20:29:34,302,policy,False
302,10,accept,190.56831800116925,0.46313613099846407,0.13333387000238872,31079.287902607,66.6476,66.64759062499797,2026-09-14 20:29:35,303,policy,False
303,10,clip,235.66789799951948,0.47897524400104885,0.1333313030008867,31079.821234648,67.1968,67.19676177899964,2026-09-14 20:29:35,304,policy,False
304,10,late,289.83185299875913,0.6127221040005679,0.06666760200096178,31080.287901706,67.7972,67.79717569700006,2026-09-14 20:29:36,305,policy,False
305,10,accept,240.5608740009484,0.5288374880001356,0.0666672320003272,31080.821236698,68.2466,68.24662607299979,2026-09-14 20:29:36,306,policy,False
306,10,accept,229.7007909983222,0.5632234629993036,0.0666667560035421,31081.287164985002,68.7469,68.74694033500055,2026-09-14 20:29:37,307,policy,False
307,10,accept,282.66820900171297,0.5137039019973599,0.06666621799740824,31081.887164642,69.2974,69.29742043099759,2026-09-14 20:29:37,308,policy,False
308,10,accept,245.64593500326737,0.49681652700019185,0.06666650499755633,31082.353831278,69.7472,69.74719969199941,2026-09-14 20:29:38,309,policy,False
309,10,accept,198.1475020002108,0.5296365849972062,0.06666575700000976,31082.820497316003,70.2467,70.24668578799901,2026-09-14 20:29:38,310,policy,False
310,10,accept,265.42807499936316,0.4796528360020602,0.06666561100064428,31083.420496795,70.7967,70.79670151800019,2026-09-14 20:29:39,311,policy,False
311,10,accept,234.97642199799884,0.5129603659988788,0.1333347439976933,31083.88716482,71.2967,71.29667707299814,2026-09-14 20:29:39,312,policy,False
312,10,clip,267.3380129999714,0.5299559920022148,0.06666559999939636,31084.420497017,71.847,71.84700489600073,2026-09-14 20:29:40,313,policy,False
313,10,accept,232.83416599952034,0.4516281629985315,0.13333290300215594,31084.953829475002,72.302,72.30200952499945,2026-09-14 20:29:40,314,policy,False
314,10,accept,202.89332099855528,0.47950879400013946,0.13333300800150027,31085.420897272,72.797,72.79695795299995,2026-09-14 20:29:41,315,policy,False
315,10,accept,277.31357300217496,0.5630751239987148,0.13333464400056982,31085.887563728,73.3472,73.3471907389976,2026-09-14 20:29:41,316,policy,False
316,10,accept,292.95072500099195,0.5801639560013427,0.0666623030010669,31086.420896571,73.8976,73.89761241399901,2026-09-14 20:29:42,317,policy,False
317,12,accept,248.73236200073734,0.4630005480030377,0.06666440999833867,31097.287284340997,0.3486,0.348584776998905,2026-09-14 20:29:53,319,policy,False
318,12,accept,221.51990099882823,0.5015224489980028,0.06666729100470548,31097.749929244,0.8498,0.8497515809976903,2026-09-14 20:29:53,320,policy,False
319,12,late,286.33338600047864,0.6344128220007406,0.06666558799770428,31098.216595181,1.4493,1.4493078909981705,2026-09-14 20:29:54,321,policy,False
320,12,accept,266.1550550001266,0.48455617199942935,0.06666724899696419,31098.816595156,1.8995,1.8994512159988517,2026-09-14 20:29:54,322,policy,False
321,12,accept,225.5282830010401,0.5187806220019411,0.06666508300259011,31099.28326144,2.4003,2.4003419500004384,2026-09-14 20:29:55,323,policy,False
322,12,accept,186.84482000026037,0.5012265659970581,0.06666696200045408,31099.749929042002,2.8495,2.8494554959979723,2026-09-14 20:29:55,324,policy,False
323,12,accept,224.95831400010502,0.4512517880029918,0.13333305899504921,31100.349928617998,3.3995,3.399480293999659,2026-09-14 20:29:56,325,policy,False
324,12,late,296.2043299994548,0.6502681780002604,0.06666653900174424,31100.749928811,3.9985,3.9984968770004343,2026-09-14 20:29:56,326,policy,False
325,12,accept,250.26952600092045,0.5003641529983724,0.06666578400108847,31101.349927012,4.4486,4.448591052998381,2026-09-14 20:29:57,327,policy,False
326,12,accept,219.00137400007225,0.5366608969998197,0.06666644500000984,31101.814870387,4.9498,4.949831171998085,2026-09-14 20:29:57,328,policy,False
327,12,accept,266.3993210007902,0.48545935999936773,0.13333375300499029,31102.414871156,5.4986,5.498630403999414,2026-09-14 20:29:58,329,policy,False
328,12,accept,213.0851719994098,0.46906028000012157,0.1333327940046729,31102.881536018,5.9489,5.948896186000638,2026-09-14 20:29:58,330,policy,False
329,12,late,288.26236400345806,0.6022476079961052,0.1333329240042076,31103.348203436002,6.5488,6.548750931997347,2026-09-14 20:29:59,331,policy,False
330,12,accept,268.3297869989474,0.45242884999970556,0.1333331489986449,31103.948203417,6.9989,6.998932154998329,2026-09-14 20:29:59,332,policy,False
331,12,accept,225.4148219981289,0.4852400870004203,0.0666674879976199,31104.414870418,7.4984,7.498410393000086,2026-09-14 20:30:00,333,policy,False
332,12,accept,218.3990459998313,0.5187084909994155,0.06666666300225188,31104.881536124,7.9985,7.998544502999721,2026-09-14 20:30:00,334,policy,False
333,12,clip,203.59704600195982,0.5523169759944722,0.06666643900462077,31105.348203007004,8.4988,8.498819870997977,2026-09-14 20:30:01,335,policy,False
334,12,late,288.95711099903565,0.6121567640002468,0.13333254899771418,31105.888106969,9.0986,9.098563620998902,2026-09-14 20:30:01,336,policy,False
335,12,accept,250.8230690000346,0.4626206020002428,0.13333273399985046,31106.488107235,9.549,9.549027724999178,2026-09-14 20:30:02,337,policy,False
336,12,accept,201.76718199945753,0.49622928299868363,0.1333330500019656,31106.954774205,10.0493,10.049303375999443,2026-09-14 20:30:02,338,policy,False
337,12,accept,255.14152599862427,0.4463230389992532,0.13333138800226152,31107.554773149,10.5994,10.599396075998811,2026-09-14 20:30:03,339,policy,False
338,12,clip,220.42988400062313,0.5491596589999972,0.06666647600286524,31107.954773562,11.1022,11.102233108998917,2026-09-14 20:30:03,340,policy,False
339,12,accept,279.73301599922706,0.49581116099943756,0.06666593799673137,31108.554773465,11.6489,11.648884513997473,2026-09-14 20:30:04,341,policy,False
340,12,accept,273.3543370013649,0.5295369579980616,0.06666506300098263,31109.021438962,12.1493,12.149275807998492,2026-09-14 20:30:05,342,policy,False
341,12,clip,210.5086779993144,0.45032556299702264,0.13333342400437687,31109.551014215,12.5996,12.599639665997529,2026-09-14 20:30:05,343,policy,False
342,12,late,281.45680200032075,0.600011419999646,0.06666703600058099,31109.951015254,13.1493,13.14932656199744,2026-09-14 20:30:06,344,policy,False
343,12,late,362.5324940003338,0.6664068089994544,0.13333225799942738,31110.484347915,13.7491,13.749054611998872,2026-09-14 20:30:06,345,policy,False
344,12,clip,256.1737850010104,0.46584255000198027,0.13333341799807386,31111.084348091998,14.1485,14.148490529998526,2026-09-14 20:30:07,346,policy,False
345,12,clip,215.10843899886822,0.5006105079992267,0.13333354800124653,31111.551014448,14.6499,14.649924843997724,2026-09-14 20:30:07,347,policy,False
346,12,accept,204.65981300003477,0.5340459719991486,0.0666661320028652,31112.017679952,15.15,15.150025811999512,2026-09-14 20:30:08,348,policy,False
347,12,accept,272.8226839972194,0.4830860729998676,0.13333330299792578,31112.617680909,15.6991,15.699066869998205,2026-09-14 20:30:08,349,policy,False
348,12,accept,243.2381090002309,0.5165654610027559,0.06666548599969246,31113.084346464,16.1992,16.199211813000147,2026-09-14 20:30:09,350,policy,False
349,12,accept,240.16343800030882,0.5534236290004628,0.0666657980036689,31113.550316622,16.702,16.70204013900002,2026-09-14 20:30:09,351,policy,False
350,12,accept,203.11654200122575,0.46643936799591756,0.13333303500257898,31114.083649955002,17.1484,17.148389210997266,2026-09-14 20:30:10,352,policy,False
351,12,accept,292.8646190011932,0.5341330010014644,0.0666676929940877,31114.616984010998,17.7494,17.749416899998323,2026-09-14 20:30:10,353,policy,False
352,12,accept,246.54022400136455,0.5001804690036806,0.13333355899885646,31115.150317502997,18.2488,18.248797860000195,2026-09-14 20:30:11,354,policy,False
353,12,accept,243.61404400042375,0.5334852949963533,0.06666538100398611,31115.616982884003,18.7488,18.74876806699831,2026-09-14 20:30:11,355,policy,False
354,12,late,277.3713909991784,0.6176149140010239,0.06666637399757747,31116.083649641998,19.2996,19.29956444399795,2026-09-14 20:30:12,356,policy,False
355,12,accept,265.43973599837045,0.4669679289982014,0.13333381099801045,31116.683650593,19.7489,19.748918409997714,2026-09-14 20:30:12,357,policy,False
356,12,accept,232.6594300029683,0.4999137119993975,0.06666579299781006,31117.15031583,20.2485,20.248529429998598,2026-09-14 20:30:13,358,policy,False
357,12,accept,279.96581499974127,0.5804231959991739,0.06666784800108871,31117.621955468,20.8007,20.800678551997407,2026-09-14 20:30:13,359,policy,False
358,12,accept,275.88278300027014,0.4788586850008869,0.13333485000111978,31118.221955744,21.2991,21.299114317000203,2026-09-14 20:30:14,360,policy,False
359,12,accept,251.06717000016943,0.511539802999323,0.06666546400083462,31118.688620966,21.7985,21.79846065699894,2026-09-14 20:30:14,361,policy,False
360,12,accept,236.13637599919457,0.5452437329986424,0.06666769200091949,31119.155288168,22.2988,22.29883178899763,2026-09-14 20:30:15,362,policy,False
361,12,accept,205.6676870015508,0.46180057199671865,0.13333320900346735,31119.688620954003,22.7487,22.748721413998283,2026-09-14 20:30:15,363,policy,False
362,12,accept,179.9101590004284,0.5625197130029846,0.13333295399570488,31120.088620543997,23.2494,23.249440144998516,2026-09-14 20:30:16,364,policy,False
363,12,late,398.9516839974385,0.646606170997984,0.133334668003954,31120.755288517,24.0002,24.00019457599774,2026-09-14 20:30:16,365,policy,False
364,12,late,393.73870299823466,0.7453119909951056,0.13333332800175413,31121.155287718004,24.4989,24.498899596997944,2026-09-14 20:30:17,366,policy,False
365,12,accept,294.1892339986225,0.5457007180011715,0.06666602100085584,31121.755286926,24.8993,24.899287532000017,2026-09-14 20:30:17,367,policy,False
366,12,accept,244.87690100067994,0.520477017002122,0.06666705099632964,31122.280739795,25.3995,25.399516699999367,2026-09-14 20:30:18,368,policy,False
367,12,accept,192.93699099944206,0.5033300260001852,0.06666709500132129,31122.747407156,25.849,25.849037069998303,2026-09-14 20:30:18,369,policy,False
368,12,accept,241.85568999746465,0.5198245120009233,0.06666651100022136,31123.280740095,26.3989,26.398864495000453,2026-09-14 20:30:19,370,policy,False
369,12,accept,245.5402369996591,0.5533244010002818,0.06666742999732378,31123.747407048,26.899,26.899031336997723,2026-09-14 20:30:19,371,policy,False
370,12,accept,196.23616999888327,0.4695913390023634,0.13333281699669897,31124.280740462997,27.3486,27.348631689998,2026-09-14 20:30:20,372,policy,False
371,12,accept,253.67889100016328,0.5360983249956917,0.06666720500652445,31124.814073375004,27.9485,27.948471587998938,2026-09-14 20:30:20,373,policy,False
372,12,late,338.3395369965001,0.6032537289975153,0.13333388500541332,31125.347407010002,28.549,28.54896062699845,2026-09-14 20:30:21,374,policy,False
373,12,accept,242.09121799867717,0.5360400009994919,0.06666741000299226,31125.814072736,28.9484,28.948412624999037,2026-09-14 20:30:21,375,policy,False
374,12,clip,323.78848300140817,0.5512563039992529,0.13485141700220993,31126.348924391,29.4985,29.498480582999036,2026-09-14 20:30:22,376,policy,False
375,12,accept,233.81209900253452,0.5348366830003215,0.06666709799901582,31126.815591344,29.9487,29.948727914998017,2026-09-14 20:30:22,377,policy,False
376,12,accept,214.76187499865773,0.5013298949961609,0.13333410500490572,31127.348924374004,30.4486,30.448554156999307,2026-09-14 20:30:23,378,policy,False
377,12,clip,291.31839299952844,0.584638864002045,0.06666609599778894,31127.815589787,30.9985,30.99852853899938,2026-09-14 20:30:23,379,policy,False
378,12,accept,272.9041220009094,0.5566469579971454,0.13333143899944844,31128.348922731002,31.5039,31.503869576998113,2026-09-14 20:30:24,380,policy,False
379,12,accept,275.1003710000077,0.5015686229962739,0.1333333630063862,31128.948923302003,32.0488,32.04879181299839,2026-09-14 20:30:24,381,policy,False
380,12,accept,240.53968299995176,0.48509146699871053,0.06666653199863504,31129.415590074,32.499,32.49898142899838,2026-09-14 20:30:25,382,policy,False
381,12,clip,251.34665800214862,0.5051964399972348,0.13333261700245203,31129.948922634,33.0524,33.05241896199732,2026-09-14 20:30:25,383,policy,False
382,12,accept,195.9144140018907,0.48481085000094026,0.06666681599745061,31130.421597008,33.5047,33.50470774600035,2026-09-14 20:30:26,384,policy,False
383,12,late,285.0420899994788,0.6123809159980738,0.1333335400049691,31130.88826359,34.0989,34.098944393997954,2026-09-14 20:30:26,385,policy,False
384,12,clip,259.7011500001827,0.4623175930028083,0.1333325759987929,31131.488262561998,34.5489,34.54888004299937,2026-09-14 20:30:27,386,policy,False
385,12,accept,226.84594099700917,0.44572036799945636,0.1333327940046729,31131.954930341002,34.999,34.99895059700066,2026-09-14 20:30:27,387,policy,False
386,12,clip,239.9634929970489,0.533407396000257,0.06666669499827549,31132.421596024,35.5533,35.55330330799916,2026-09-14 20:30:28,388,policy,False
387,12,clip,234.92983100004494,0.4962753910003812,0.13333350500033703,31132.954929286,36.0495,36.04950456499864,2026-09-14 20:30:28,389,policy,False
388,12,late,294.92041900084587,0.6286077369986742,0.06666579599914257,31133.421595902,36.6485,36.648503526997956,2026-09-14 20:30:29,390,policy,False
389,12,accept,250.45117499757907,0.4866865779986256,0.06666660599876195,31134.015006956,37.1,37.09999342199808,2026-09-14 20:30:29,391,policy,False
390,12,clip,219.30708599757054,0.468536877000588,0.1333336559982854,31134.481673443,37.5485,37.54851020799833,2026-09-14 20:30:30,392,policy,False
391,12,late,307.2155350018875,0.6023393950017635,0.06666665200100397,31134.948340254,38.149,38.14897953699983,2026-09-14 20:30:31,393,policy,False
392,12,clip,302.0797899989702,0.5686746980027237,0.1333312599963392,31135.481673136997,38.6486,38.64864772299916,2026-09-14 20:30:31,394,policy,False
393,12,clip,190.25845599753666,0.5018743430009636,0.06666714799939655,31135.948340067,39.0485,39.048514297999645,2026-09-14 20:30:31,395,policy,False
394,12,clip,234.11239600318368,0.502583785000752,0.0666677380031615,31136.548340243,39.6492,39.649223915999755,2026-09-14 20:30:32,396,policy,False
395,12,clip,256.85492499906104,0.5186658060010814,0.06666704899907927,31137.081673058998,40.1986,40.198638752997795,2026-09-14 20:30:33,397,policy,False
396,12,clip,234.03470899938839,0.5021869259944651,0.06666706800751854,31137.548340114005,40.6488,40.648826927998016,2026-09-14 20:30:33,398,policy,False
397,12,clip,279.00876000057906,0.5748140329997113,0.06666607699662563,31138.026370089,41.1995,41.19948400999783,2026-09-14 20:30:34,399,policy,False
398,12,clip,180.01946699951077,0.37388102999830153,0.06666644900178653,31138.626369716003,41.5986,41.598550634000276,2026-09-14 20:30:34,400,policy,False
399,12,accept,313.2365010023932,0.5570511160003662,0.06666492099975585,31139.093035515,42.2484,42.24838651900063,2026-09-14 20:30:35,401,policy,False
400,12,clip,285.013042997889,0.5238684369978728,0.06666597799994634,31139.626369572,42.7485,42.74853789699773,2026-09-14 20:30:35,402,policy,False
401,12,clip,257.45451300099376,0.49111424399598036,0.13333280100050615,31140.159702873003,43.2491,43.24911700499797,2026-09-14 20:30:36,403,policy,False
402,12,clip,218.6812549989554,0.47484126099880086,0.1333332350004639,31140.626369505,43.6995,43.699510653998004,2026-09-14 20:30:36,404,policy,False
403,12,clip,294.32052099946304,0.5576736380025977,0.13333308299843338,31141.093036321,44.249,44.24900984700071,2026-09-14 20:30:37,405,policy,False
404,12,clip,202.75677900281153,0.5454313619993627,0.0666649629965832,31141.559701338,44.7034,44.70343258799767,2026-09-14 20:30:37,406,policy,False
405,12,clip,250.60571399808396,0.49551133600471076,0.06666795699493377,31142.155571507996,45.2494,45.2493827319995,2026-09-14 20:30:38,407,policy,False
406,12,accept,243.40542900245055,0.5282301469997037,0.0666663640004117,31142.622237728,45.7488,45.748767762997886,2026-09-14 20:30:38,408,policy,False
407,12,clip,131.8295470009616,0.39499923800030956,0.13333111799875041,31143.155568332,46.1489,46.148867457999586,2026-09-14 20:30:39,409,policy,False
408,12,clip,270.62036899951636,0.5113322660035919,0.06666622999910032,31143.688903751998,46.7985,46.798535906000325,2026-09-14 20:30:39,410,policy,False
409,12,clip,230.10912000245298,0.5447034680000797,0.06666567699721782,31144.155569598,47.2986,47.29857295399779,2026-09-14 20:30:40,411,policy,False
410,12,clip,283.7881870000274,0.561786063000909,0.1333339109987719,31144.68890364,47.849,47.848989590998826,2026-09-14 20:30:40,412,policy,False
411,12,clip,276.2255359994015,0.5228001229988877,0.06666718300039065,31145.228207201002,48.3493,48.349307211999985,2026-09-14 20:30:41,413,policy,False
412,12,clip,255.77498599886894,0.48859604700191994,0.13333289599540876,31145.761539675997,48.8484,48.84843561099842,2026-09-14 20:30:41,414,policy,False
413,12,clip,335.70907700050157,0.5724273180021555,0.06666625499565271,31146.228206689997,49.3989,49.3989338959982,2026-09-14 20:30:42,415,policy,False
414,12,clip,227.19656600020244,0.43880309099768056,0.13333370100008324,31146.761540177,49.7986,49.798643155998434,2026-09-14 20:30:42,416,policy,False
415,12,clip,211.3105110001925,0.4725052100002358,0.06666684100127895,31147.228206208,50.299,50.299011306000466,2026-09-14 20:30:43,417,policy,False
416,12,late,285.2164049982093,0.6055402310012141,0.06666685999880428,31147.694872905,50.8987,50.898713023998425,2026-09-14 20:30:43,418,policy,False
417,12,clip,268.9641370016034,0.5432068429981882,0.06666532700546668,31148.361538602003,51.503,51.503045333000046,2026-09-14 20:30:44,419,policy,False
418,12,accept,238.65630000000237,0.4557374299984076,0.13333415200395393,31148.894873169003,51.9489,51.94891048700083,2026-09-14 20:30:44,420,policy,False
419,12,clip,216.16885299954447,0.49079127699587843,0.06666670000413433,31149.360399176003,52.4495,52.44949034099773,2026-09-14 20:30:45,421,policy,False
420,12,clip,222.05460000259336,0.5234150889991724,0.06666602500263252,31149.827064403,52.9488,52.948779379999905,2026-09-14 20:30:45,422,policy,False
421,12,clip,278.5012499989534,0.540157901996281,0.13333439000416547,31150.360398373003,53.4989,53.49885616299798,2026-09-14 20:30:46,423,policy,False
422,12,clip,230.42842900031246,0.4569757799981744,0.06666679199770442,31150.893732229,53.949,53.9490078969975,2026-09-14 20:30:46,424,policy,False
423,12,late,323.1902430015907,0.6399703959978069,0.06666559600489563,31151.360397601,54.5987,54.59866788499858,2026-09-14 20:30:47,425,policy,False
424,12,clip,209.70561500143958,0.4567736389981292,0.1333340740056883,31151.893732275003,54.9488,54.9488058019997,2026-09-14 20:30:47,426,policy,False
425,12,clip,254.10249400010798,0.4653035200026352,0.12468459799856646,31152.485082077998,55.5487,55.54868548599916,2026-09-14 20:30:48,427,policy,False
426,12,clip,247.6821349991951,0.49941083200246794,0.13333350000175415,31152.951749063,56.0495,56.0494597830002,2026-09-14 20:30:48,428,policy,False
427,12,clip,238.84808699949645,0.5317319059977308,0.06666742699962924,31153.418415724,56.5484,56.548447517998284,2026-09-14 20:30:49,429,policy,False
428,12,clip,229.17399499783642,0.4987156639981549,0.13333410899940645,31153.951748678002,57.0488,57.048764229999506,2026-09-14 20:30:49,430,policy,False
429,12,clip,268.8180850018398,0.5833774100028677,0.0666660309980216,31154.418414920998,57.6001,57.600092218999634,2026-09-14 20:30:50,431,policy,False
430,12,accept,257.860752997658,0.5487256910018914,0.06666762299937545,31154.951749138,58.0988,58.0987747170002,2026-09-14 20:30:50,432,policy,False
431,12,accept,213.8485529976606,0.4656221730001562,0.13333257099657203,31155.485081382998,58.549,58.54900344399721,2026-09-14 20:30:51,433,policy,False
432,12,accept,275.5761439984781,0.5533883099997183,0.13333382500059088,31155.951748248,59.1034,59.10343644599925,2026-09-14 20:30:51,434,policy,False
433,12,accept,203.78491500014206,0.5386365040030796,0.06666607999432017,31156.412584362995,59.5495,59.5495207549975,2026-09-14 20:30:52,435,policy,False
434,12,accept,296.09542500111274,0.5386686069978168,0.06666593899717554,31157.012584641,60.1496,60.14955313599785,2026-09-14 20:30:53,436,policy,False
435,12,accept,359.10893300024327,0.5542890329998045,0.1333356429968262,31157.545918694,60.6985,60.69850761499765,2026-09-14 20:30:53,437,policy,False
436,12,accept,364.3864980003855,0.5880869729990081,0.06666666399905807,31158.012584521002,61.199,61.19897138200031,2026-09-14 20:30:54,438,policy,False
437,12,accept,262.90626199988765,0.5052231869995012,0.13333484799659345,31158.545918424,61.6494,61.649441498997476,2026-09-14 20:30:54,439,policy,False
438,12,accept,260.3084319998743,0.5383796659989457,0.06666659399706987,31159.012584408,62.1493,62.14926396199735,2026-09-14 20:30:55,440,policy,False
439,12,accept,250.90565600112313,0.5086223979997158,0.13333306999629713,31159.545917089,62.6528,62.65283937499771,2026-09-14 20:30:55,441,policy,False
440,12,accept,241.5182469994761,0.5381030429998646,0.06666580900127883,31160.012584189,63.149,63.14898711999922,2026-09-14 20:30:56,442,policy,False
441,12,accept,234.10197300108848,0.4981849290015816,0.13333254199824296,31160.552255698,63.6487,63.6487405150001,2026-09-14 20:30:56,443,policy,False
442,12,accept,285.95144799692207,0.5812525109977287,0.06666641700212494,31161.018922898,64.1985,64.19847529699837,2026-09-14 20:30:57,444,policy,False
443,12,accept,297.08040499826893,0.5317017279994616,0.06666602700352087,31161.618921776,64.7489,64.74892339199869,2026-09-14 20:30:57,445,policy,False
444,12,late,281.87815500132274,0.6323781249993772,0.066666423001152,31162.018922075,65.2496,65.24960008799826,2026-09-14 20:30:58,446,policy,False
445,12,clip,273.7464249985351,0.5320726680001826,0.13333333400078118,31162.618921958,65.7493,65.74929451400021,2026-09-14 20:30:58,447,policy,False
446,12,accept,271.63846300027217,0.5652814230015792,0.06666655799926957,31163.085589203998,66.2492,66.2491705149987,2026-09-14 20:30:59,448,policy,False
447,12,accept,251.89659500028938,0.48243699399972684,0.06666646100347862,31163.618921451,66.6997,66.69965833300012,2026-09-14 20:30:59,449,policy,False
448,12,accept,328.7824360013474,0.5479772529979527,0.13334231400222052,31164.152264419,67.2985,67.29854155999783,2026-09-14 20:31:00,450,policy,False
449,12,accept,318.2859769985953,0.5852276469995559,0.13333339199743932,31164.615949295,67.7995,67.79947682999773,2026-09-14 20:31:00,451,policy,False
450,12,accept,237.5008919989341,0.5016315110005962,0.1333333840011619,31165.149282047,68.2492,68.2492134460008,2026-09-14 20:31:01,452,policy,False
451,12,accept,218.39808599906974,0.488359577000665,0.06666765699992538,31165.615949509,68.7026,68.7026089739993,2026-09-14 20:31:01,453,policy,False
452,12,accept,232.5196900019364,0.5019565250004234,0.13333320500169066,31166.149281587,69.2495,69.24953800000003,2026-09-14 20:31:02,454,policy,False
453,12,late,304.8219109987258,0.6345758419993217,0.0666670200007502,31166.615947684,69.8488,69.84882341399862,2026-09-14 20:31:02,455,policy,False
454,14,accept,265.7117080016178,0.4776284539948392,0.06666733000383829,31175.622844472004,0.446,0.44600253799944767,2026-09-14 20:31:11,457,policy,False
455,14,accept,224.23414399963804,0.4611081459952402,0.06666725300601684,31176.089510015005,0.8961,0.8961477730008482,2026-09-14 20:31:12,458,policy,False
456,14,accept,216.60764099942753,0.4944990600015444,0.06666636299996753,31176.556175994,1.3962,1.3962046660017222,2026-09-14 20:31:12,459,policy,False
457,14,accept,351.04599300029804,0.5452093989988498,0.0666663640004117,31177.156175639,2.0469,2.0469146499999624,2026-09-14 20:31:13,460,policy,False
458,14,accept,229.53127800064976,0.48141154799668584,0.06666883100479026,31177.622843242003,2.4498,2.4497844020006596,2026-09-14 20:31:13,461,policy,False
459,14,accept,198.59479799924884,0.5109919289971003,0.06666705000316142,31178.089509940004,2.946,2.9460314810021373,2026-09-14 20:31:14,462,policy,False
460,14,accept,267.8134500019951,0.4611556039999414,0.1333324250044825,31178.689508626,3.4962,3.496193842001958,2026-09-14 20:31:14,463,policy,False
461,14,accept,222.88504099924467,0.493814769997698,0.06666753900208278,31179.156683223002,3.996,3.996027605000563,2026-09-14 20:31:15,464,policy,False
462,14,accept,254.45651499831,0.5771682350023184,0.06666609200328821,31179.623349199,4.546,4.546047046002059,2026-09-14 20:31:15,465,policy,False
463,14,accept,338.01278300234117,0.5937517560014385,0.06666703200244228,31180.156682997,5.096,5.095964365002146,2026-09-14 20:31:16,466,policy,False
464,14,accept,251.1645509985101,0.5101330389989016,0.13333417100147926,31180.690015658,5.5457,5.545678309001232,2026-09-14 20:31:16,467,policy,False
465,14,accept,109.51553199993214,0.39423482400161447,0.06666632700216724,31181.156681603,5.8964,5.896446039001603,2026-09-14 20:31:17,468,policy,False
466,14,accept,215.66109099876485,0.5108372659960878,0.06666647500242107,31181.690015408003,6.5464,6.546382286000153,2026-09-14 20:31:17,469,policy,False
467,14,accept,273.03751799991005,0.5935903350000444,0.06666525900072884,31182.156681697,7.0958,7.095801644001767,2026-09-14 20:31:18,470,policy,False
468,14,accept,227.22941100073513,0.4936649519986531,0.06666733299789485,31182.756682517,7.5959,7.595877080999344,2026-09-14 20:31:18,471,policy,False
469,14,accept,267.0631830005732,0.5751526240019302,0.06666708699412993,31183.225726992998,8.1464,8.14640922900071,2026-09-14 20:31:19,472,policy,False
470,14,accept,231.3587720018404,0.4926885589993617,0.06666487699840218,31183.759059482,8.5973,8.597277652999765,2026-09-14 20:31:19,473,policy,False
471,14,accept,256.0230060007598,0.5078295329985849,0.13333326000065426,31184.292393461,9.1458,9.145752606000315,2026-09-14 20:31:20,474,policy,False
472,14,accept,231.53617899879464,0.49185163199945237,0.066666847000306,31184.759059716,9.5964,9.596440960001928,2026-09-14 20:31:20,475,policy,False
