scenario,direction_deg,wave_deg,mode,seed,controller,wall,radial_rms,radial_max,dc_ex,dc_ey,dc_radial,std_x,std_y,depth_std,pitch_mean,pitch_max,IAE,IAE_norm,settling_time,ss_error,control_effort,slew,sat_freq,band_dc,band_wave,band_high,est_err_rms,w_x,w_y,n_fail
square,300.6,232.9,NONE,0,pid,21.78,1.3788558810501343,4.010044376695693,-0.0013524868919072574,0.0195567588238046,0.0196034700113332,0.9750427392392945,0.9747568421543861,6.898214597491063e-15,-3.184093700440171e-14,8.697195241071757e-13,193.0138569163054,0.7209046426787425,0.0,0.7209046426787425,4080.0225794984176,4415.064585107648,0.0,0.005625057382836308,0.6982688493742986,0.1611912147273503,0.0,0.0,0.0,0
square,300.6,232.9,NONE,0,mpc,29.66,2.0870494289426804,5.926323103172139,0.018479870618811275,0.012899545698257995,0.022536723304629948,1.4685730245683042,1.48275442554152,0.017854431447300194,-0.012194641497547764,0.039229840757631015,304.95573470395595,1.1448177817077785,260.81600000051725,1.1448177817077785,8899.386186265048,14603.140428706829,0.0,0.018195228318996438,1.0753021833925862,0.1681985721036032,0.0,0.0,0.0,0
square,300.6,232.9,NONE,0,dobmpc,40.63,2.122841010072959,5.964960460506211,0.018636034590999807,0.014694583019036724,0.023732521049823253,1.496125403907758,1.505821867710138,0.015149071617013931,-0.012254414459691818,0.03672831574126004,310.0533247584182,1.1639719619217437,260.81600000051725,1.1639719619217437,8914.079931409995,14911.23978151788,0.0,0.01846062566997472,1.1022706967119502,0.16981302829754247,0.2195858824456367,-0.00011146339690447306,-0.0009257495888124432,0
square,300.6,232.9,C,0,pid,22.2,1.4995414756021415,4.539848101651383,-0.0032699928124854086,0.025788051860296993,0.02599454696168166,1.0440717091488094,1.076040513519072,0.0902732351180118,-1.7986621770380942,12.062760191961406,237.28814040363056,0.8767550181539682,0.0,0.8767550181539682,4894.366120024936,4441.039742102513,0.0,0.008833085557215029,0.7624803804588096,0.1618783127266055,0.0,0.0,0.0,0
square,300.6,232.9,C,0,mpc,30.53,3.4924346240665787,9.166569954808239,1.3067017139808226,-2.3579146186819386,2.6957801687664396,1.572232024481841,1.5677867668335468,0.00956182947666137,-0.029086829446858274,0.061356915550072104,847.8246421065127,3.171699883263737,248.31600000045756,3.171699883263737,9211.991500426895,12226.004101521316,0.0,0.0217497727212801,1.1573608190489513,0.17088640112786474,0.0,0.0,0.0,0
square,300.6,232.9,C,0,dobmpc,41.15,2.107455847257213,6.22576052182048,-0.12601770964051204,-0.07255996501058579,0.14541461984744805,1.4732902375061478,1.4998801993967112,0.007731683712438155,-0.027169179363946385,0.11909195916609673,306.1680845149288,1.1458189840833954,254.1660000004855,1.1458189840833954,8713.864171812835,11269.136712201927,0.0,0.02003896292107712,1.0884332936960437,0.16943434498805812,0.1746521223773395,0.9530138112203402,-1.684160010707554,0
square,300.6,232.9,CD,0,pid,22.82,1.497029122926113,4.516191803822165,-0.0033441914893223472,0.025566914996532145,0.02578470009825897,1.0433209380086694,1.073271989964557,0.08770006447164802,-1.7588555664710666,14.981813119148422,236.72375028409803,0.8752419565976542,0.0,0.8752419565976542,4879.203735510625,4476.722409703651,0.0,0.007572727918568075,0.7621784148682036,0.1618618497510882,0.0,0.0,0.0,0
square,300.6,232.9,CD,0,mpc,31.22,3.4727991743214073,9.10970465190234,1.296078214601692,-2.3370939313873342,2.6724196493987646,1.5702144536371305,1.5661845013483826,0.009545644339367504,-0.029038566540060453,0.061681164741114805,841.9805029496381,3.1506887872029083,248.31600000045756,3.1506887872029083,9189.985931932444,12278.088915440238,0.0,0.03515266020380641,1.1572217135147396,0.17096305263596864,0.0,0.0,0.0,0
square,300.6,232.9,CD,0,dobmpc,42.0,2.1069350955489825,6.220450289748945,-0.12469464137629567,-0.07195863348282666,0.14396804687387674,1.4735962775074223,1.4989872278480523,0.007698958653765455,-0.026912573330186963,0.1253546222071906,306.0850519484287,1.1455888506787522,254.1660000004855,1.1455888506787522,8696.279662714926,11722.769964423216,0.0,0.023130438666248487,1.0885177217289816,0.16943436525207126,0.18224380867576503,0.945441133875268,-1.6692971402607806,0
square,300.6,232.9,CW,0,pid,34.07,11.520270798737636,70.58275519953874,1.0060728481782746,-2.037354931481695,2.272223072824129,7.307580366175821,8.611208438741592,6.093165497814497,-2.7121269982968523,79.1544933820546,1784.317891200064,6.9182005152904456,261.3660000005199,6.9182005152904456,12454.930559013059,7320.27938810565,0.0,1.4317896298527069,6.275100530463119,0.23848611111056445,0.0,0.0,0.0,0
square,300.6,232.9,CW,0,mpc,42.24,8.307852316617353,22.929183486235512,1.6027723582894984,-3.453339642327606,3.807155620377008,3.982980451132556,6.217864820245932,0.9419888017714363,-0.021732620559343028,0.4779724453752784,1867.3857914306059,7.146395990283182,263.3660000005294,7.146395990283182,14852.276792800396,15448.158610282708,0.0,0.2384267184838959,3.7884658555853266,0.1769853095829457,0.0,0.0,0.0,0
square,300.6,232.9,CW,0,dobmpc,53.59,2.603000756525013,13.347138877214949,-0.2325278112732204,-0.20284869596890412,0.3085721576419352,1.957679768076591,1.6875680986738208,0.9656476415636923,-0.2301491020742753,29.816458914078016,406.5154133554884,1.5396971395808277,248.01600000045613,1.5396971395808277,14549.532876247831,15952.136484041679,0.0,0.10767130684355279,1.527631297765413,0.1880670401078408,0.2638664731715666,1.1996689524067858,-2.332672281745091,0
square,300.6,232.9,CDW,0,pid,34.77,11.307763976253312,71.22005847204038,0.9887454932825809,-1.9609742009577942,2.1961414952840976,7.289056010518941,8.361348644259557,5.9533181337012815,-2.605301616310831,77.81447619666537,1761.1812244340688,6.827074607880237,261.31600000051964,6.827074607880237,12315.0764662902,7305.6347722030505,0.0,1.3745289110808607,6.3060076116158905,0.2390556772483577,0.0,0.0,0.0,0
square,300.6,232.9,CDW,0,mpc,43.17,8.255975067159197,22.550819608005053,1.591100815732877,-3.4096473718967624,3.7626183710958947,3.9840835290488705,6.175022731667267,0.9417585156565039,-0.021564252778587194,0.4415155346240163,1859.5402093290563,7.116954769225837,263.3160000005292,7.116954769225837,14799.211486579205,15416.796681804315,0.0,0.24385571340579307,3.7906632315942677,0.17757915982085395,0.0,0.0,0.0,0
square,300.6,232.9,CDW,0,dobmpc,54.26,2.592197324864494,13.27055306605091,-0.22980132970694106,-0.19083777780471275,0.2987100744409521,1.949699084737909,1.6819431445308373,0.9007622895378398,-0.2093796571142376,29.297721537978898,404.1357820132781,1.530478384699966,248.01600000045613,1.530478384699966,14318.898157291225,15683.308755615944,0.0,0.10785342459701498,1.522241024636237,0.18788484439496225,0.26373616276169065,1.191528514020969,-2.311620158770764,0
square,214.8,239.0,NONE,0,pid,21.6,1.3788558810501343,4.010044376695693,-0.0013524868919072574,0.0195567588238046,0.0196034700113332,0.9750427392392945,0.9747568421543861,6.898214597491063e-15,-3.184093700440171e-14,8.697195241071757e-13,193.0138569163054,0.7209046426787425,0.0,0.7209046426787425,4080.0225794984176,4415.064585107648,0.0,0.005625057382836308,0.6982688493742986,0.1611912147273503,0.0,0.0,0.0,0
square,214.8,239.0,NONE,0,mpc,29.92,2.0870494289426804,5.926323103172139,0.018479870618811275,0.012899545698257995,0.022536723304629948,1.4685730245683042,1.48275442554152,0.017854431447300194,-0.012194641497547764,0.039229840757631015,304.95573470395595,1.1448177817077785,260.81600000051725,1.1448177817077785,8899.386186265048,14603.140428706829,0.0,0.018195228318996438,1.0753021833925862,0.1681985721036032,0.0,0.0,0.0,0
square,214.8,239.0,NONE,0,dobmpc,41.15,2.122841010072959,5.964960460506211,0.018636034590999807,0.014694583019036724,0.023732521049823253,1.496125403907758,1.505821867710138,0.015149071617013931,-0.012254414459691818,0.03672831574126004,310.0533247584182,1.1639719619217437,260.81600000051725,1.1639719619217437,8914.079931409995,14911.23978151788,0.0,0.01846062566997472,1.1022706967119502,0.16981302829754247,0.2195858824456367,-0.00011146339690447306,-0.0009257495888124432,0
square,214.8,239.0,C,0,pid,22.08,1.502349476921446,4.3753506798683235,0.003315753348433129,0.02179616080948926,0.022046923737808886,1.0702082718077213,1.0541452171850771,0.08090503793638897,-1.5051725407087349,10.213478643941485,236.9816144965124,0.8743655502918143,0.0,0.8743655502918143,4882.443204942661,4428.448690843909,0.0,0.009247777585004004,0.7540609778140572,0.1595011611498405,0.0,0.0,0.0,0
square,214.8,239.0,C,0,mpc,30.17,3.4284829538011388,9.169276641326347,-2.198078309679105,-1.441474288816394,2.6285730693287714,1.5291479928759308,1.5832894238224464,0.008519544565636462,-0.028056516378480778,0.059763435929272204,833.0049223789426,3.1137743560345053,261.3660000005199,3.1137743560345053,8691.636905576646,11121.684696264172,0.0,0.04458348523614182,1.0964582501582407,0.1688407956131745,0.0,0.0,0.0,0
square,214.8,239.0,C,0,dobmpc,41.1,2.123104213429508,6.248617643999991,-0.09408657284026054,0.16003129753277115,0.18564024180884914,1.5203055548265927,1.4702993646420064,0.007651247103081024,-0.02434967059919095,0.11921541857542672,307.11719862433216,1.1540117992582481,260.9160000005177,1.1540117992582481,8686.279733176894,11271.85305556918,0.0,0.021668898305897178,1.1303686167969678,0.17040234150422096,0.1821825191952945,-1.5860548919473658,-1.0723805491943792,0
square,214.8,239.0,CD,0,pid,23.21,1.4997751051235142,4.384671111210618,0.0034392777839799345,0.02171850812327072,0.021989138836615546,1.0683580012800526,1.0523559401753588,0.07980945288511435,-1.5024567117264789,12.652838201624894,236.35809754036467,0.8723251409999991,0.0,0.8723251409999991,4867.507722641941,4462.866982636687,0.0,0.006301470136102269,0.7521649964188899,0.15958549791591087,0.0,0.0,0.0,0
square,214.8,239.0,CD,0,mpc,31.01,3.412617183848427,9.260796947683728,-2.18010067868693,-1.4288889046361544,2.6066381549811477,1.5327815561428437,1.5817630270183858,0.008522106602088653,-0.02801425304292835,0.0604245308801619,828.1337098977613,3.0963584275158484,261.3660000005199,3.0963584275158484,8684.522106205277,11182.54497563857,0.0,0.09677233706699023,1.0945897428862885,0.16895223976611182,0.0,0.0,0.0,0
square,214.8,239.0,CD,0,dobmpc,41.94,2.1231658488869027,6.2594183889515635,-0.09339086139032764,0.159104857222747,0.18448904732557458,1.5200941260488752,1.4707518013751506,0.007754760580879378,-0.024074900259846335,0.12365429419428108,306.95430219009376,1.153303903574572,260.9160000005177,1.153303903574572,8686.942795693843,11756.039100087542,0.0,0.023595472370968873,1.1301336254159122,0.17044302934214342,0.18773366498332694,-1.5728082964693217,-1.0635045162668069,0
square,214.8,239.0,CW,0,pid,34.59,10.995331340800384,50.78172450710154,-1.4531490910548888,-1.7773552990023231,2.2957861702966342,6.274203916247941,8.732756859755163,6.720125433713305,-3.8285560911855145,63.36173950294477,1791.5232191633077,6.943605411905473,261.2660000005194,6.943605411905473,10791.079853831123,7172.746875400206,0.0,0.9346367764809949,5.057326381787135,0.22288410715981416,0.0,0.0,0.0,0
square,214.8,239.0,CW,0,mpc,42.67,8.082623877283062,27.758953748849187,-2.5653353826179606,-2.418666100965354,3.525746918494092,3.5125802292473787,6.368649585387481,0.946391790439882,-0.019929832682948206,0.587274001648104,1701.6590959005575,6.52432222229216,0.0,6.52432222229216,14255.866184463383,13816.08407937822,0.0,0.3227938132195233,3.206182068840452,0.17276917202408054,0.0,0.0,0.0,0
square,214.8,239.0,CW,0,dobmpc,53.93,3.1552159522160705,26.935306784746054,-0.43098525332397025,0.14770677146378103,0.4555936554858731,2.5199622259202186,1.8432613775954294,0.807849779167038,-0.11720412812799717,24.925705861743854,423.4020394494992,1.608191315590438,247.76600000045494,1.608191315590438,14633.422104994499,15655.503946035258,0.0,0.21884525819469694,2.0078867063403436,0.18804571486011135,0.2812707761744467,-1.8111058443578258,-1.6361317126116734,0
square,214.8,239.0,CDW,0,pid,34.98,10.506304210954173,50.89870179126503,-1.4395531180401537,-1.7027981892635868,2.2297611650171145,6.088404725755822,8.26691727401993,6.352265577622096,-3.962555730630937,63.63303905283712,1727.3844308600203,6.6907589829915235,261.3660000005199,6.6907589829915235,10617.98672955787,7057.739356070515,0.0,0.8379337091489764,4.906763397612219,0.22348227740071122,0.0,0.0,0.0,0
square,214.8,239.0,CDW,0,mpc,43.61,8.046619298040625,27.233167829128945,-2.541304276980724,-2.394082329658645,3.491397661307615,3.494047173844513,6.352153874487352,0.9461441039563112,-0.019892511997066636,0.5812617191643282,1697.928499089414,6.510428307014444,0.0,6.510428307014444,14200.309005147878,13812.408513213633,0.0,0.26991725642529496,3.187943591406054,0.17256790426201013,0.0,0.0,0.0,0
square,214.8,239.0,CDW,0,dobmpc,55.04,3.1304707420350337,26.253433088422668,-0.4278336453374296,0.14714706208145809,0.45243108421274286,2.495425268331987,1.8352127699385947,0.796818421636976,-0.1149301251949791,24.179337229897737,422.38242812993525,1.6041099109010508,247.76600000045494,1.6041099109010508,14565.75323928732,15905.425669786653,0.0,0.21088160433863432,1.9870802320379006,0.1880287100486431,0.2847407201276966,-1.7947766204515747,-1.621360486183046,0
square,104.0,10.8,NONE,0,pid,21.59,1.3788558810501343,4.010044376695693,-0.0013524868919072574,0.0195567588238046,0.0196034700113332,0.9750427392392945,0.9747568421543861,6.898214597491063e-15,-3.184093700440171e-14,8.697195241071757e-13,193.0138569163054,0.7209046426787425,0.0,0.7209046426787425,4080.0225794984176,4415.064585107648,0.0,0.005625057382836308,0.6982688493742986,0.1611912147273503,0.0,0.0,0.0,0
square,104.0,10.8,NONE,0,mpc,30.35,2.0870494289426804,5.926323103172139,0.018479870618811275,0.012899545698257995,0.022536723304629948,1.4685730245683042,1.48275442554152,0.017854431447300194,-0.012194641497547764,0.039229840757631015,304.95573470395595,1.1448177817077785,260.81600000051725,1.1448177817077785,8899.386186265048,14603.140428706829,0.0,0.018195228318996438,1.0753021833925862,0.1681985721036032,0.0,0.0,0.0,0
square,104.0,10.8,NONE,0,dobmpc,41.05,2.122841010072959,5.964960460506211,0.018636034590999807,0.014694583019036724,0.023732521049823253,1.496125403907758,1.505821867710138,0.015149071617013931,-0.012254414459691818,0.03672831574126004,310.0533247584182,1.1639719619217437,260.81600000051725,1.1639719619217437,8914.079931409995,14911.23978151788,0.0,0.01846062566997472,1.1022706967119502,0.16981302829754247,0.2195858824456367,-0.00011146339690447306,-0.0009257495888124432,0
square,104.0,10.8,C,0,pid,22.03,1.5546140183595423,4.426215482325121,-0.0011991039163045062,0.030686801891877516,0.030710220783208873,1.0413798997940635,1.153867207578219,0.10146820465503183,-2.443387682932691,18.600979291425627,243.9799656787458,0.9038628771449418,0.0,0.9038628771449418,4872.279175408902,4340.513128382017,0.0,0.005773115517883552,0.7625735365345646,0.16088300642361267,0.0,0.0,0.0,0
square,104.0,10.8,C,0,mpc,30.24,3.5950132033996502,8.947554222715254,-0.5885452845232209,2.747153773328622,2.8094909514444435,1.5889272393076053,1.5830953081087444,0.009016509176010568,-0.027651404845430206,0.07202346207459542,864.3407529652062,3.2693097804066262,261.46600000052035,3.2693097804066262,8806.856130349184,11422.347666907208,0.0,0.020841951438657434,1.1880901726160698,0.169560751209832,0.0,0.0,0.0,0
square,104.0,10.8,C,0,dobmpc,41.13,2.1627911796261645,6.237081032701665,0.1815037539527033,0.04558182778782375,0.18713982933465093,1.5085661542562574,1.538464341211008,0.0057664956849609065,-0.0254972432716351,0.12024595259372833,319.7518872573675,1.2010365183270229,260.96600000051797,1.2010365183270229,8957.842087023088,11816.781666083793,0.0,0.017956275048392784,1.1269776476617626,0.1710200976312987,0.19446595067175146,-0.438679179971766,1.9606755400446387,0
square,104.0,10.8,CD,0,pid,23.08,1.517532241756986,4.385192899758256,-0.00114783203067933,0.030050417330939945,0.030072331139010644,1.0452383880655518,1.099762006884206,0.12551417885130522,-2.4014699533407997,21.314641089624594,244.73059774174092,0.9075440498337873,0.0,0.9075440498337873,4848.49132886813,4412.960447192855,0.0,0.006272080486109653,0.764979263763472,0.1613748972107557,0.0,0.0,0.0,0
square,104.0,10.8,CD,0,mpc,31.39,3.581950371616184,9.045865796772931,-0.5842664346942321,2.7278869859544286,2.7897553073432526,1.5890795177265011,1.5882254487992526,0.009020019603989045,-0.027697354508350484,0.07503630246772929,860.0915227399305,3.2532404300387965,261.46600000052035,3.2532404300387965,8798.53987676495,11446.857692807585,0.0,0.03461621082934339,1.1873686931241076,0.16949937795664424,0.0,0.0,0.0,0
square,104.0,10.8,CD,0,dobmpc,42.08,2.1625464761607653,6.240889103650949,0.18031173698604827,0.04540898360422088,0.18594165290997672,1.50793544793165,1.5388838969004857,0.005776895676285601,-0.025435083118496928,0.12517411437108086,319.6433750450871,1.2006098923429203,260.96600000051797,1.2006098923429203,8947.598381673519,12245.564977045633,0.0,0.015135965783124141,1.1262119944757607,0.1710231736666812,0.19958243973932857,-0.4355271735382806,1.9465474207972893,0
square,104.0,10.8,CW,0,pid,34.57,12.957655992626481,69.60267123072843,0.10012668883131687,2.4918456086557508,2.4938564295470727,9.757147717372575,8.153502152659726,7.657095157306393,-4.230135217008863,65.94316752371263,2028.3515027292246,7.811897375473582,0.0,7.811897375473582,12227.276968394586,7699.267967149257,0.0,2.6022224543117036,7.994836782911904,0.2491834348014456,0.0,0.0,0.0,0
square,104.0,10.8,CW,0,mpc,49.41,10.27176969083055,49.86555015240837,-0.7702125867361866,3.1121479802021303,3.206039999663611,9.219668419346958,3.198167340731009,2.641455457854439,-0.39140674214226084,56.28460287393043,2050.962102980141,7.8325338754191325,0.0,7.8325338754191325,19134.716625923367,20450.77589437555,0.0,1.0595096040121028,8.689243109565082,0.21795178538826282,0.0,0.0,0.0,2
square,104.0,10.8,CW,0,dobmpc,61.91,7.814884835129421,95.07178394138307,1.1959683131543946,0.23727598484000384,1.219278515783478,7.056127793533696,3.129991285707668,3.9910633048285176,-0.3758653307724474,44.91192815251504,649.2234420572485,2.489853960631569,261.7660000005218,2.489853960631569,23629.380421434093,30163.423969385356,0.0,1.7810346307381537,5.758173135650158,0.18307746002796885,0.4376971088222185,-0.6489476705618155,2.1683094715143607,1
square,104.0,10.8,CDW,0,pid,35.27,13.01747494388778,69.78798416310129,0.14224160377801748,2.4745756474649183,2.4786603859487815,9.842168431785089,8.151234088544351,7.67318559185685,-4.201033503898728,65.89257711145231,2033.2435889564933,7.831493523901168,0.0,7.831493523901168,12228.28190425581,7694.216575056593,0.0,2.6430325300092705,8.082745729947487,0.24835139308783388,0.0,0.0,0.0,0
square,104.0,10.8,CDW,0,mpc,51.54,13.705785417133848,106.7001838998601,-1.2456667817299443,3.660522394279691,3.8666665139534024,11.72540845412474,5.950818477682745,4.800954837511587,-0.6470491623516847,79.50348835568903,2250.2736598650235,8.5768145948688,0.0,8.5768145948688,24134.496884117434,26124.492140222206,0.0,2.36901067481336,10.41989747508618,0.2042363147593915,0.0,0.0,0.0,1
square,104.0,10.8,CDW,0,dobmpc,54.7,3.657590915870089,32.910581313577595,0.5531968521543955,0.047058950586884966,0.5551948325262682,2.90147271685468,2.1566608632651176,1.147606318846967,-0.1728410574270598,24.250136045460643,502.1383239095442,1.9098489644293621,261.7660000005218,1.9098489644293621,20621.261009232105,28263.902482370122,0.0,0.5350776151992236,2.4012126456000282,0.18010209117506398,0.3359541519610372,-0.6645707241026563,2.125546221204252,0
square,15.5,64.0,NONE,0,pid,21.37,1.3788558810501343,4.010044376695693,-0.0013524868919072574,0.0195567588238046,0.0196034700113332,0.9750427392392945,0.9747568421543861,6.898214597491063e-15,-3.184093700440171e-14,8.697195241071757e-13,193.0138569163054,0.7209046426787425,0.0,0.7209046426787425,4080.0225794984176,4415.064585107648,0.0,0.005625057382836308,0.6982688493742986,0.1611912147273503,0.0,0.0,0.0,0
square,15.5,64.0,NONE,0,mpc,29.3,2.0870494289426804,5.926323103172139,0.018479870618811275,0.012899545698257995,0.022536723304629948,1.4685730245683042,1.48275442554152,0.017854431447300194,-0.012194641497547764,0.039229840757631015,304.95573470395595,1.1448177817077785,260.81600000051725,1.1448177817077785,8899.386186265048,14603.140428706829,0.0,0.018195228318996438,1.0753021833925862,0.1681985721036032,0.0,0.0,0.0,0
square,15.5,64.0,NONE,0,dobmpc,41.14,2.122841010072959,5.964960460506211,0.018636034590999807,0.014694583019036724,0.023732521049823253,1.496125403907758,1.505821867710138,0.015149071617013931,-0.012254414459691818,0.03672831574126004,310.0533247584182,1.1639719619217437,260.81600000051725,1.1639719619217437,8914.079931409995,14911.23978151788,0.0,0.01846062566997472,1.1022706967119502,0.16981302829754247,0.2195858824456367,-0.00011146339690447306,-0.0009257495888124432,0
square,15.5,64.0,C,0,pid,22.32,1.5453928842442608,4.377841842192474,0.0010191023200620687,0.02193795563190751,0.021961613484584832,1.1454126703134133,1.0372013637146091,0.10556986893246514,-2.4387020825051073,18.210795770594792,241.03288652678935,0.89764723953327,0.0,0.89764723953327,4885.51804066598,4336.607661799043,0.0,0.007532777006084729,0.8145574286038377,0.16532038366338803,0.0,0.0,0.0,0
square,15.5,64.0,C,0,mpc,30.45,3.5455047105421493,9.018293807409043,2.715648589038248,0.6609030115270521,2.7949132454856183,1.5648410350574231,1.5199789925147091,0.0015179568861418944,-0.029275039509076277,0.06387579380729794,855.1824955019068,3.223593908955479,254.86600000048884,3.223593908955479,8661.621420666477,10670.567863431279,0.0,0.056676938576711064,1.0978875916252357,0.1664240429104675,0.0,0.0,0.0,0
square,15.5,64.0,C,0,dobmpc,41.52,2.161506621230822,6.232439617456876,0.07739902685841449,-0.17053165579057192,0.1872742774256616,1.5331474866698356,1.5121170598724645,0.01426845003006449,-0.026460545986736833,0.11953487268468482,332.1983796469245,1.2464133073671781,254.36600000048645,1.2464133073671781,10019.578577621141,15581.581326886353,0.0,0.01909675238718472,1.1432893654557064,0.17028481807631354,0.2361374174485317,1.9550842207500916,0.49187688488923664,0
square,15.5,64.0,CD,0,pid,22.7,1.5200094371284676,4.403227999499708,0.0009748918537238221,0.021882812973898387,0.02190451820463241,1.1093549172178436,1.0388842807004133,0.119112061069178,-2.3915097674457524,21.349680679953938,241.0465870629168,0.8977902241978518,0.0,0.8977902241978518,4867.148095742338,4405.164146715723,0.0,0.008731604219120953,0.7775303526095458,0.16264429809266898,0.0,0.0,0.0,0
square,15.5,64.0,CD,0,mpc,31.27,3.5265663336923443,9.032520780433195,2.693646361046781,0.6561557615822893,2.772412505713787,1.5635232860762762,1.5184840921100564,0.0015144277925673503,-0.029281177239143547,0.06502615965033008,850.0021307253267,3.20414255040399,254.86600000048884,3.20414255040399,8648.128488879542,10695.508514585898,0.0,0.10334176021920244,1.0995037545662638,0.16649255903719895,0.0,0.0,0.0,0
square,15.5,64.0,CD,0,dobmpc,42.03,2.1604759631803363,6.222150687457864,0.0770978400817547,-0.1694893141708117,0.18620071042658226,1.532653414499418,1.5112773385252334,0.014268106134159351,-0.0264116105694486,0.12462106646685939,331.90547400974725,1.245389121342908,260.66600000051653,1.245389121342908,10004.032000346931,15988.922367387295,0.0,0.018195355897221262,1.1426183983857718,0.17024396590010563,0.24162829360953617,1.9386735461741236,0.4884365408632646,0
square,15.5,64.0,CW,0,pid,34.3,15.524360287022487,69.63745049342982,3.658080761733974,1.7442282869586705,4.052639532008119,12.195772191163542,8.708904397576536,10.379848105950432,-4.2915480269153,58.7720770534664,2206.366906202913,8.52866535535031,262.0660000005232,8.52866535535031,11717.488204609203,7188.553103224577,0.0,2.6194893607068073,9.25836349031173,0.27739387715877073,0.0,0.0,0.0,0
square,15.5,64.0,CW,0,mpc,42.74,8.604080460795554,45.33045363278371,3.227643030506522,1.510740874338694,3.563708394604554,3.8831684724814153,6.800822425883153,0.9492448804890369,-0.0300220870347724,1.5797477624779002,1765.8576026598103,6.762601900012238,0.0,6.762601900012238,15012.719452565467,14988.56392556896,0.0,0.35845355327026307,3.537094169277268,0.1792662347950201,0.0,0.0,0.0,0
square,15.5,64.0,CW,0,dobmpc,53.9,3.6359282628942493,35.574406740006204,0.5327058956207995,-0.05480329264800366,0.5355174806803424,3.0704028997619925,1.8723838799594807,1.631431800294552,-0.33484796302851544,25.780893857505593,487.8629401040093,1.8506130908502072,261.1660000005189,1.8506130908502072,18886.531457459347,23524.431357638503,0.0,0.4490855072569402,2.5594630648979346,0.17608582684541732,0.3224311115888478,2.1908982829970056,0.8582767734498684,0
square,15.5,64.0,CDW,0,pid,35.04,18.358516538340854,98.18883307986461,4.608143026957304,1.563167213160467,4.8660532152037845,15.051186325515692,9.317641643138519,11.13462470659597,-3.455776791185039,58.62326138340896,2480.002357870388,9.608834958919433,262.016000000523,9.608834958919433,12562.124285402557,7373.663424607063,0.0,4.057218372199463,10.776621867705057,0.28618773690509897,0.0,0.0,0.0,0
square,15.5,64.0,CDW,0,mpc,44.01,8.555795280040378,44.82819387786971,3.1893094563158844,1.4969372673149637,3.5231400753336946,3.8163022011899175,6.7988936153415365,0.948674294745957,-0.030056836246607495,1.5749438077194398,1760.5729392562048,6.742533165306639,0.0,6.742533165306639,14966.305849058968,14997.4585142317,0.0,0.2854760812819595,3.48608373970263,0.17910680281881675,0.0,0.0,0.0,0
square,15.5,64.0,CDW,0,dobmpc,55.4,3.7554541823154977,37.770852826559874,0.548456355009646,-0.023269468493121597,0.548949762286513,3.192580163967701,1.8998742512588873,1.5687098546467821,-0.3489627901546089,25.70448624590648,493.85127189064633,1.8743135240947661,261.1660000005189,1.8743135240947661,19612.77202666307,24268.32501972007,0.0,0.4736502946403979,2.661945736544532,0.17644658457699702,0.3399669025199988,2.172118415090221,0.851050315784587,0
square,350.5,206.5,NONE,0,pid,22.04,1.3788558810501343,4.010044376695693,-0.0013524868919072574,0.0195567588238046,0.0196034700113332,0.9750427392392945,0.9747568421543861,6.898214597491063e-15,-3.184093700440171e-14,8.697195241071757e-13,193.0138569163054,0.7209046426787425,0.0,0.7209046426787425,4080.0225794984176,4415.064585107648,0.0,0.005625057382836308,0.6982688493742986,0.1611912147273503,0.0,0.0,0.0,0
square,350.5,206.5,NONE,0,mpc,29.4,2.0870494289426804,5.926323103172139,0.018479870618811275,0.012899545698257995,0.022536723304629948,1.4685730245683042,1.48275442554152,0.017854431447300194,-0.012194641497547764,0.039229840757631015,304.95573470395595,1.1448177817077785,260.81600000051725,1.1448177817077785,8899.386186265048,14603.140428706829,0.0,0.018195228318996438,1.0753021833925862,0.1681985721036032,0.0,0.0,0.0,0
square,350.5,206.5,NONE,0,dobmpc,40.81,2.122841010072959,5.964960460506211,0.018636034590999807,0.014694583019036724,0.023732521049823253,1.496125403907758,1.505821867710138,0.015149071617013931,-0.012254414459691818,0.03672831574126004,310.0533247584182,1.1639719619217437,260.81600000051725,1.1639719619217437,8914.079931409995,14911.23978151788,0.0,0.01846062566997472,1.1022706967119502,0.16981302829754247,0.2195858824456367,-0.00011146339690447306,-0.0009257495888124432,0
square,350.5,206.5,C,0,pid,21.97,1.5289877470340438,4.398086074650638,9.521522824883393e-05,0.020410690403441453,0.02041091249025451,1.1379838909869433,1.0209699256519622,0.08751995642500772,-2.4565735798969053,18.00882056214762,235.81919019775643,0.8770449521273739,0.0,0.8770449521273739,4891.933817284708,4356.13863640884,0.0,0.007268625701810903,0.8151209147275575,0.1651065244821367,0.0,0.0,0.0,0
square,350.5,206.5,C,0,mpc,30.1,3.5947624450159554,8.313361357579193,2.7864291061567714,-0.39298499294471945,2.8140050405636066,1.6168732893506577,1.545772762719051,0.009215236438190683,-0.029391749694866093,0.06744736130002543,879.9247651264725,3.315747504532143,254.66600000048788,3.315747504532143,9443.816539744006,12483.018184748382,0.0,0.05383479593301826,1.1377430132946467,0.1681450871022632,0.0,0.0,0.0,0
square,350.5,206.5,C,0,dobmpc,41.42,2.1320566077165517,6.321319987420876,0.013805827263840796,-0.15542970531197137,0.15604164239011736,1.4902423863215049,1.5167379517763742,0.014199406862272463,-0.026413409999966494,0.12592147893255576,323.2887192443716,1.2110437085252084,254.26600000048597,1.2110437085252084,9972.422002403053,15491.605883992039,0.0,0.021126976835386512,1.0994434799587578,0.16766095018393537,0.2296158142182424,2.0133396290035552,-0.2645617683253146,0
square,350.5,206.5,CD,0,pid,23.22,1.5109896130889329,4.381183175349377,2.3994450500441558e-05,0.020407462974113593,0.020407477080067297,1.1132727079995708,1.0214191222829008,0.0938228595915264,-2.4176558178603806,21.278995015188183,235.20412667098074,0.8749143444412837,0.0,0.8749143444412837,4876.208557972796,4423.09236007076,0.0,0.007361518624761469,0.7920511485849995,0.16268484541334924,0.0,0.0,0.0,0
square,350.5,206.5,CD,0,mpc,31.39,3.575488394466211,8.274893608459214,2.763625867533912,-0.3900761556409965,2.7910190509744335,1.6151999312100176,1.5444931525518286,0.00921264467703808,-0.029377461897151857,0.06753486069727005,874.3612143116038,3.294923444774839,254.66600000048788,3.294923444774839,9421.227947177907,12495.877777124328,0.0,0.10398734846448646,1.139385131762599,0.16821262872287787,0.0,0.0,0.0,0
square,350.5,206.5,CD,0,dobmpc,42.1,2.130890840906422,6.310861840086107,0.014060003255791221,-0.1543181434307322,0.15495732665305276,1.4901907391146112,1.51526088969275,0.014214900397050036,-0.02631900010016679,0.1301900970772794,323.0208305311923,1.2101465434989345,254.26600000048597,1.2101465434989345,9954.734322820863,15910.63361374543,0.0,0.02152604045392735,1.0993027371889659,0.16759356047456433,0.23508968399600183,1.9963501019798264,-0.2624831027727272,0
square,350.5,206.5,CW,0,pid,34.27,13.985404510385166,98.86550086938423,2.962324010970241,0.7022610884046112,3.044426741154736,12.110570353377199,6.297387621287498,7.235734747446962,0.08744948619033142,52.803044419815535,1718.3082636623712,6.659687475878156,264.4660000005347,6.659687475878156,12325.309004275661,6875.293244087151,0.0,3.4257869019849836,9.719595660852871,0.20539553856077492,0.0,0.0,0.0,0
square,350.5,206.5,CW,0,mpc,42.38,10.078411392671093,47.95534593989909,4.502721132408963,-0.4275771517210816,4.5229768755672595,8.13299185789142,3.869302239742736,1.0620911267226096,-0.10942880773865696,19.649780499191234,2009.9436426610978,7.6922017323571845,265.5160000005397,7.6922017323571845,16207.842688375855,17358.655411406315,0.0,0.977114357994704,7.642710530623096,0.18588824142662175,0.0,0.0,0.0,0
square,350.5,206.5,CW,0,dobmpc,54.06,3.697738826648419,27.951931315027412,0.4729088051141782,-0.24467746754454892,0.5324563842030008,2.930347729617366,2.191534807515282,2.1513653919859035,-0.19763423655022214,39.34863301834757,504.9716726757003,1.9229390216724165,262.8160000005268,1.9229390216724165,22370.116921211396,28644.537490622228,0.0,0.3012295896191227,2.4073179165786427,0.18492618054772764,0.33404281429721744,2.8179989493493736,-0.3002844647062607,0
square,350.5,206.5,CDW,0,pid,35.16,13.631216768789367,96.40095381317812,2.823577138781551,0.6718121076199965,2.9023988986000235,11.746862711252627,6.276732244895615,7.149811791921086,0.09938418181889962,53.19047038256825,1693.5161932050103,6.561962434797282,264.41600000053444,6.561962434797282,12295.06331439766,6872.771176302631,0.0,3.2024273132690055,9.517948676530052,0.2070904015417004,0.0,0.0,0.0,0
square,350.5,206.5,CDW,0,mpc,43.72,10.030553192058138,47.581929611026524,4.458729350935409,-0.4229355354509078,4.478743338486817,8.097623092707865,3.8705756283932713,1.0405397230888866,-0.10535465722155025,18.509354643921753,2004.4543615119253,7.672140642162871,265.46600000053945,7.672140642162871,16132.01014590433,17308.02920052025,0.0,0.872015646857025,7.628659870221385,0.18684119795599177,0.0,0.0,0.0,0
square,350.5,206.5,CDW,0,dobmpc,55.01,3.6724693538757465,28.47666131668875,0.47227172647515137,-0.21839923183640775,0.520325675029162,2.9346368699908023,2.145739683268354,1.8757027421421448,-0.224489049509215,38.716285185554646,501.9408012356144,1.9108771574753083,262.8160000005268,1.9108771574753083,22230.703652771906,29258.647243767417,0.0,0.3026711955336108,2.4069204805859483,0.18468174973302862,0.3342662642927607,2.795427425678092,-0.29983640106570364,0
square,214.7,198.4,NONE,0,pid,21.32,1.3788558810501343,4.010044376695693,-0.0013524868919072574,0.0195567588238046,0.0196034700113332,0.9750427392392945,0.9747568421543861,6.898214597491063e-15,-3.184093700440171e-14,8.697195241071757e-13,193.0138569163054,0.7209046426787425,0.0,0.7209046426787425,4080.0225794984176,4415.064585107648,0.0,0.005625057382836308,0.6982688493742986,0.1611912147273503,0.0,0.0,0.0,0
square,214.7,198.4,NONE,0,mpc,29.93,2.0870494289426804,5.926323103172139,0.018479870618811275,0.012899545698257995,0.022536723304629948,1.4685730245683042,1.48275442554152,0.017854431447300194,-0.012194641497547764,0.039229840757631015,304.95573470395595,1.1448177817077785,260.81600000051725,1.1448177817077785,8899.386186265048,14603.140428706829,0.0,0.018195228318996438,1.0753021833925862,0.1681985721036032,0.0,0.0,0.0,0
square,214.7,198.4,NONE,0,dobmpc,40.64,2.122841010072959,5.964960460506211,0.018636034590999807,0.014694583019036724,0.023732521049823253,1.496125403907758,1.505821867710138,0.015149071617013931,-0.012254414459691818,0.03672831574126004,310.0533247584182,1.1639719619217437,260.81600000051725,1.1639719619217437,8914.079931409995,14911.23978151788,0.0,0.01846062566997472,1.1022706967119502,0.16981302829754247,0.2195858824456367,-0.00011146339690447306,-0.0009257495888124432,0
square,214.7,198.4,C,0,pid,22.35,1.5024161003883516,4.375425593325251,0.00331528242748234,0.021783543497796994,0.02203437915836039,1.0704015188060694,1.0540442179429224,0.08111135551907248,-1.5087136001264199,10.253884301449443,237.01628173510008,0.8744922133626944,0.0,0.8744922133626944,4882.35676901999,4428.433327758972,0.0,0.009249430770830973,0.7542074735226543,0.15949713067569485,0.0,0.0,0.0,0
square,214.7,198.4,C,0,mpc,30.38,3.428888872091656,9.169572274675824,-2.2011875347583745,-1.4373978707149733,2.628942601486687,1.5294826194033653,1.58323169883167,0.008518840190944173,-0.028055629063428775,0.05979240609729844,833.0626343141681,3.113976864368342,261.3660000005199,3.113976864368342,8691.685771166607,11121.421778909667,0.0,0.044632209211838914,1.096626095638034,0.16883645216431303,0.0,0.0,0.0,0
square,214.7,198.4,C,0,dobmpc,41.09,2.1231401032458566,6.248153680629759,-0.09384869496825092,0.16021857155156555,0.1856813620621842,1.5203417454680155,1.4703085753612497,0.007651342020069789,-0.02434479038919948,0.11921803366613036,307.127123573094,1.1540486602832962,260.9160000005177,1.1540486602832962,8686.390845302385,11271.866078634546,0.0,0.021665355668818966,1.1303854888812133,0.170404137911671,0.18219182485558763,-1.5883296504950861,-1.0694690460358864,0
square,214.7,198.4,CD,0,pid,23.3,1.4998434670589271,4.384753223998132,0.0034395104218172476,0.021706504822254523,0.021977319753335445,1.0685496393329683,1.0522590419555375,0.08001308722894561,-1.5059060328201306,12.71253498225628,236.39254870102081,0.8724507358006445,0.0,0.8724507358006445,4867.430981939593,4462.84944604382,0.0,0.0063001696432833255,0.7523099979050061,0.15958152493074423,0.0,0.0,0.0,0
square,214.7,198.4,CD,0,mpc,31.17,3.4130256445173273,9.261174105538352,-2.183181910276013,-1.4248495172567521,2.6070058304850834,1.5331230642368918,1.5817074065245376,0.008521402707209134,-0.028013457914106175,0.06045439648171975,828.1918885003389,3.0965628214058345,261.3660000005199,3.0965628214058345,8684.576127853315,11182.339284134388,0.0,0.09690825789874137,1.094753762311828,0.16894789028810936,0.0,0.0,0.0,0
square,214.7,198.4,CD,0,dobmpc,42.37,2.1232041577696865,6.258948404428169,-0.0931552884701309,0.15928998518636112,0.1845296917859683,1.5201297518815062,1.4707651837953366,0.007754870562428178,-0.0240702664546553,0.1236567017261181,306.96452722170005,1.1533419602249044,260.9160000005177,1.1533419602249044,8687.052099543598,11755.959474060106,0.0,0.02358664120861578,1.1301503069119674,0.1704448297609721,0.18774184584337858,-1.5750612984692967,-1.060619512222037,0
square,214.7,198.4,CW,0,pid,34.54,15.613530963711758,96.53821727776179,-3.635587779729991,-2.0615620198123996,4.179418197028747,11.412196642416744,9.80186617353771,9.496358436350885,-2.2955355964904287,61.547379391251766,2169.4175841237056,8.452899117943677,262.4160000005249,8.452899117943677,12056.773539013253,7613.420673326301,0.0,3.3346185872177783,9.814778801716079,0.2449131865078662,0.0,0.0,0.0,0
square,214.7,198.4,CW,0,mpc,42.67,9.771412782016327,51.070316902537215,-3.689172087374721,-1.8374275602152021,4.121423386319725,8.212543963667141,3.323928198996378,1.1117596537891012,-0.02471989613992375,5.268016993826972,1811.0669743672656,6.967491409051014,0.0,6.967491409051014,15364.934373174312,15379.491779334463,0.0,1.427607557583618,7.721239297656052,0.19345902901874182,0.0,0.0,0.0,0
square,214.7,198.4,CW,0,dobmpc,54.15,3.2766854935214162,20.89307638817711,-0.5740266167951333,0.2374081617859138,0.6211837023552964,2.4476448457302826,2.0880213937007044,2.865080865990578,-0.028793926500044836,52.835571276371034,463.2685960878593,1.7653253755133658,257.56600000050173,1.7653253755133658,18924.708452392955,20644.654139505183,0.0,0.33169616993206996,1.999648851819494,0.1839537065194001,0.36769320717963555,-2.174606075960193,-1.3145531964441584,0
square,214.7,198.4,CDW,0,pid,35.13,14.688544235186573,91.89195055797127,-3.4608188598909093,-2.02228191938763,4.008352696864228,10.617959721150953,9.324450212564276,9.14886218015799,-1.944608736313487,62.18470471515534,2092.5037203215284,8.150056740055964,262.4160000005249,8.150056740055964,11776.585713777371,7582.216408612396,0.0,2.859747359083931,9.154756440893847,0.2382175764761594,0.0,0.0,0.0,0
square,214.7,198.4,CDW,0,mpc,43.75,9.681520663868195,49.99924606143007,-3.6530236317537526,-1.8253653222194615,4.0836919832074425,8.131048820025384,3.3077707353379058,1.0831907196546566,-0.024241896873708674,4.509971152054502,1805.3552586689434,6.946134024250155,0.0,6.946134024250155,15269.522279508601,15339.62221239085,0.0,1.3102481759773712,7.65771919547204,0.19292971734138079,0.0,0.0,0.0,0
square,214.7,198.4,CDW,0,dobmpc,60.83,3.5191328587206896,21.84459800465267,-0.6533121395712496,0.26111849483385424,0.7035620939586366,2.730425120112216,2.105724369601203,2.850507628066424,0.038674116191473616,51.17946855135384,484.58653150735637,1.8451797312646214,257.2660000005003,1.8451797312646214,20819.167006049964,22609.661481983087,0.0,0.2795517129185467,2.214218659942312,0.18410915819184223,0.38086359838878164,-2.155697098211586,-1.30426525848698,1
square,284.5,189.7,NONE,0,pid,21.91,1.3788558810501343,4.010044376695693,-0.0013524868919072574,0.0195567588238046,0.0196034700113332,0.9750427392392945,0.9747568421543861,6.898214597491063e-15,-3.184093700440171e-14,8.697195241071757e-13,193.0138569163054,0.7209046426787425,0.0,0.7209046426787425,4080.0225794984176,4415.064585107648,0.0,0.005625057382836308,0.6982688493742986,0.1611912147273503,0.0,0.0,0.0,0
square,284.5,189.7,NONE,0,mpc,29.82,2.0870494289426804,5.926323103172139,0.018479870618811275,0.012899545698257995,0.022536723304629948,1.4685730245683042,1.48275442554152,0.017854431447300194,-0.012194641497547764,0.039229840757631015,304.95573470395595,1.1448177817077785,260.81600000051725,1.1448177817077785,8899.386186265048,14603.140428706829,0.0,0.018195228318996438,1.0753021833925862,0.1681985721036032,0.0,0.0,0.0,0
square,284.5,189.7,NONE,0,dobmpc,40.96,2.122841010072959,5.964960460506211,0.018636034590999807,0.014694583019036724,0.023732521049823253,1.496125403907758,1.505821867710138,0.015149071617013931,-0.012254414459691818,0.03672831574126004,310.0533247584182,1.1639719619217437,260.81600000051725,1.1639719619217437,8914.079931409995,14911.23978151788,0.0,0.01846062566997472,1.1022706967119502,0.16981302829754247,0.2195858824456367,-0.00011146339690447306,-0.0009257495888124432,0
square,284.5,189.7,C,0,pid,22.42,1.5441076824263884,4.507391202278598,-0.002998365133215756,0.027224646442214853,0.027389260073534042,1.0237458427115866,1.1556222621997034,0.1062607864168034,-2.4511920045261655,18.477884954810126,242.8152922420466,0.8965255282615313,0.0,0.8965255282615313,4874.296088997812,4329.7279790018,0.0,0.008180312262294561,0.7441016548427021,0.16162379560024398,0.0,0.0,0.0,0
square,284.5,189.7,C,0,mpc,30.22,3.572524484371678,8.997545417537891,0.612115922891555,-2.7087191578540004,2.7770209540409785,1.5555302132710471,1.6221626206559525,0.009450893763503576,-0.02896384310267533,0.0639941538747029,870.2118203166489,3.2541370414924433,248.2160000004571,3.2541370414924433,9164.421628950213,12130.034603199796,0.0,0.018457163742771225,1.1504985478871566,0.17193161231115556,0.0,0.0,0.0,0
square,284.5,189.7,C,0,dobmpc,41.23,2.1096441860359776,6.237280601054982,-0.14913400006869243,-0.027856390506365212,0.15171331012317893,1.478092401249069,1.4976062621986572,0.007839742567529305,-0.02641945419162317,0.11993050095268015,305.8540214489763,1.1457796769689472,254.11600000048526,1.1457796769689472,8752.95920791184,11335.414208118962,0.0,0.020632298531045173,1.094815186741385,0.16946822774177403,0.1749224088526383,0.45578074906427646,-1.9419074875173954,0
square,284.5,189.7,CD,0,pid,23.44,1.5077039709075013,4.484899691195171,-0.002992673566468296,0.026938387405446566,0.02710411059380773,1.0268574564223472,1.1036305519824077,0.11714257114114478,-2.3564905142049892,21.52076310402873,241.3260324261903,0.8914354428332645,0.0,0.8914354428332645,4853.076424858741,4405.095761832577,0.0,0.007357490163787624,0.7460011463186038,0.16202647029172812,0.0,0.0,0.0,0
square,284.5,189.7,CD,0,mpc,31.32,3.5514322726758882,8.940830558043448,0.6076430844978447,-2.6842157852562964,2.7521345352211855,1.553837232841264,1.6198816442206203,0.009439980076163588,-0.02890277725833729,0.06433594809744408,863.9833971586601,3.2318304676194085,248.2160000004571,3.2318304676194085,9143.792282797242,12148.087408697504,0.0,0.01536262262612898,1.149740891547874,0.17193102781415995,0.0,0.0,0.0,0
square,284.5,189.7,CD,0,dobmpc,42.42,2.1091357226738587,6.2471526345769055,-0.1476670306680475,-0.027559503217541827,0.15021677058143604,1.478349643534565,1.4967868084521214,0.007861492887148984,-0.02613764932347318,0.12474147139069038,305.6978899767052,1.1452114203494428,254.11600000048526,1.1452114203494428,8735.215984753577,11784.960713945731,0.0,0.024123948888592164,1.0948521772608968,0.16947354308653106,0.1821831092053621,0.45225724078828466,-1.924361426876637,0
square,284.5,189.7,CW,0,pid,34.61,12.669977630880066,103.33059184331871,0.7045094545171602,-1.8733023863113423,2.0013983616621243,10.322870703491713,7.068315089462973,6.3896730594403675,-2.0718006621230334,56.97110051639966,1740.514696162039,6.748827099705563,262.36600000052465,6.748827099705563,11293.713691450332,7151.002441298996,0.0,1.385159737763063,8.989924896084423,0.23868725074769048,0.0,0.0,0.0,0
square,284.5,189.7,CW,0,mpc,42.87,8.917804529836799,44.9007916873325,1.0619639928326123,-3.0158874860877942,3.197396573904141,7.860398985227703,2.741900905320089,0.9198748674766805,-0.05915391447724782,4.533596006861902,1875.0999271819744,7.163001946293118,264.2660000005337,7.163001946293118,15152.104541987923,16287.000403217988,0.0,0.2322708860762295,7.619483767881435,0.19638249116548248,0.0,0.0,0.0,0
square,284.5,189.7,CW,0,dobmpc,54.05,2.7220252986761935,18.814198917170323,-0.2821753480350965,-0.0559829139309424,0.28767518782635243,1.9805780439378102,1.844986537840797,1.7020633898042692,-0.34934939778516244,31.572272150727933,416.68384627306017,1.5816387910985286,254.66600000048788,1.5816387910985286,15530.216509228012,19470.247380625387,0.0,0.19419333138056985,1.502559254289059,0.17453374012089456,0.2755656009908639,0.7552355137137888,-2.1079080682604565,0
square,284.5,189.7,CDW,0,pid,35.11,12.308359141008653,97.29260604435055,0.5678210939419662,-1.9011557438138766,1.9841406091711207,9.960536869536021,6.953171654554695,6.6003651349528205,-1.9936946185029694,57.042565067518446,1726.7499667991929,6.694102671404447,262.3160000005244,6.694102671404447,11331.285836303832,7153.571033871157,0.0,1.1743941790852666,8.818962520720053,0.23802355989589322,0.0,0.0,0.0,0
square,284.5,189.7,CDW,0,mpc,43.71,8.908911621132908,45.04555203414329,1.0454696360515174,-2.9906013326348355,3.1680756131542926,7.867793858149279,2.7257701642219483,0.9238850108268005,-0.056898396016594265,4.198484623540994,1872.2804394108418,7.154185790543916,264.2660000005337,7.154185790543916,15069.744522496776,16243.604397673873,0.0,0.25615177874581885,7.625842577962403,0.1966480272806616,0.0,0.0,0.0,0
square,284.5,189.7,CDW,0,dobmpc,54.72,2.7423121904120973,19.185331700249677,-0.27284090256144866,-0.05202680994886857,0.27775699282646626,2.0029632382515428,1.8523675307108163,1.6005099815271522,-0.3631145027755738,31.85615728881898,418.46486428416824,1.5886785033231785,254.66600000048788,1.5886785033231785,15676.583380106742,20182.509616617946,0.0,0.17781282067769855,1.5232513757112134,0.17498501435006406,0.28215657719256737,0.7488072204396133,-2.0888532205250216,0
square,327.7,134.7,NONE,0,pid,21.72,1.3788558810501343,4.010044376695693,-0.0013524868919072574,0.0195567588238046,0.0196034700113332,0.9750427392392945,0.9747568421543861,6.898214597491063e-15,-3.184093700440171e-14,8.697195241071757e-13,193.0138569163054,0.7209046426787425,0.0,0.7209046426787425,4080.0225794984176,4415.064585107648,0.0,0.005625057382836308,0.6982688493742986,0.1611912147273503,0.0,0.0,0.0,0
square,327.7,134.7,NONE,0,mpc,30.38,2.0870494289426804,5.926323103172139,0.018479870618811275,0.012899545698257995,0.022536723304629948,1.4685730245683042,1.48275442554152,0.017854431447300194,-0.012194641497547764,0.039229840757631015,304.95573470395595,1.1448177817077785,260.81600000051725,1.1448177817077785,8899.386186265048,14603.140428706829,0.0,0.018195228318996438,1.0753021833925862,0.1681985721036032,0.0,0.0,0.0,0
square,327.7,134.7,NONE,0,dobmpc,40.7,2.122841010072959,5.964960460506211,0.018636034590999807,0.014694583019036724,0.023732521049823253,1.496125403907758,1.505821867710138,0.015149071617013931,-0.012254414459691818,0.03672831574126004,310.0533247584182,1.1639719619217437,260.81600000051725,1.1639719619217437,8914.079931409995,14911.23978151788,0.0,0.01846062566997472,1.1022706967119502,0.16981302829754247,0.2195858824456367,-0.00011146339690447306,-0.0009257495888124432,0
square,327.7,134.7,C,0,pid,22.02,1.493328385228923,4.5140475363469355,-0.0014085679518016068,0.022060140895665114,0.02210506457831415,1.076320947168097,1.0349271718036885,0.05177856154244375,-1.5858404832686213,9.245747274693716,230.51994905705268,0.8548167730351546,0.0,0.8548167730351546,4905.976160224367,4449.3749837244095,0.0,0.007200989863448319,0.7739443271392248,0.1606258694991605,0.0,0.0,0.0,0
square,327.7,134.7,C,0,mpc,30.24,3.4805908651184074,8.881293651725503,2.312920052738874,-1.3782949222600944,2.6924516825914546,1.597854668171136,1.5205515994729861,0.009458694463903572,-0.02928720204437623,0.06759031209357674,853.7725961033466,3.20786411506991,254.4160000004867,3.20786411506991,9318.439880042672,12401.486666156929,0.0,0.040744981317654236,1.1470328141986843,0.16901547359877947,0.0,0.0,0.0,0
square,327.7,134.7,C,0,dobmpc,41.21,2.1078410434757386,6.320534790639834,-0.05918052312301111,-0.13293921357916616,0.14551690219407643,1.4755674804308205,1.498171988268293,0.011045464659041337,-0.027438649295238128,0.12027206730243983,310.69562185852027,1.162285773970971,254.21600000048574,1.162285773970971,9168.183095528408,12848.770110787267,0.0,0.020573687652450084,1.0850049492638625,0.16887841168738252,0.1965154716869816,1.6750115424650611,-0.973933155493382,0
square,327.7,134.7,CD,0,pid,22.91,1.4916116285642034,4.49400927784021,-0.00166367063749859,0.02195614918878642,0.02201908915442057,1.0754344071823316,1.0333737204076514,0.05110443645981781,-1.5735498164770994,10.40893251335337,230.38447716580436,0.8547943848525922,0.0,0.8547943848525922,4890.534284449494,4484.617411292189,0.0,0.0068431385571417255,0.7740190576786224,0.16062068180467343,0.0,0.0,0.0,0
square,327.7,134.7,CD,0,mpc,31.28,3.4624510473558696,8.833043255166055,2.294330546630611,-1.3668478194865992,2.6706227024492972,1.5960088917844044,1.5195714046543816,0.009448235272484763,-0.029256367319675118,0.06793884271366743,848.3376341634454,3.187806657666517,254.4160000004867,3.187806657666517,9298.103623511302,12416.613353685438,0.0,0.0791974147921411,1.1483565527149466,0.16908222237058276,0.0,0.0,0.0,0
square,327.7,134.7,CD,0,dobmpc,42.7,2.107079617107069,6.309823266319375,-0.05861729957224161,-0.13193986638884486,0.14437491524447088,1.4757335016657267,1.4970474370365279,0.01102384812464342,-0.027259634645259392,0.12609567941365496,310.55559130270757,1.1618816365866806,254.21600000048574,1.1618816365866806,9152.075209735347,13294.068791918733,0.0,0.0222350688818496,1.0850837763976546,0.1688348416307895,0.20282607958509363,1.661287689542766,-0.9657616587768857,0
square,327.7,134.7,CW,0,pid,34.15,11.90733721969003,67.24273335616047,2.3476577682439514,-1.155878611738817,2.6167828266540245,9.39852148235818,6.826779712807193,6.945040788949651,2.124484647659066,73.17064739759063,1795.2924101548838,6.939906275232707,260.1160000005139,6.939906275232707,12115.29029487221,7410.77074616422,0.0,1.8443259700702082,7.785632109480679,0.2722330234538274,0.0,0.0,0.0,0
square,327.7,134.7,CW,0,mpc,42.74,8.368542995984068,32.27373631081124,3.4243701576701335,-1.7077448035505731,3.826578535819664,6.095682835888424,4.2699484012214395,0.9201266931284616,-0.04389528335352315,2.5180715014802466,1752.7687995952804,6.659974747554669,264.31600000053396,6.659974747554669,15182.728481817197,15862.176898193935,0.0,0.6440735069647125,5.778185499243885,0.20104875550470666,0.0,0.0,0.0,0
square,327.7,134.7,CW,0,dobmpc,54.05,2.5826735558909566,11.769303058610191,0.06195019022331438,-0.257596242907554,0.26494084326277895,1.794204849958347,1.8387055235288738,1.7880122356324326,-0.24871528690735326,23.14470596470434,410.48812067168825,1.5508636969828082,254.96600000048932,1.5508636969828082,19590.52171242232,26669.58251203564,0.0,0.2305963524836672,1.3595923514067438,0.17092607356912,0.3090977342913699,2.1928644271887334,-1.2281350895708276,0
square,327.7,134.7,CDW,0,pid,35.42,11.640760265117386,67.54575490330961,2.2643950473458787,-1.1053453910649862,2.5197764511942626,9.17410533221665,6.707743103260341,6.808309176835993,2.033528766388203,70.70331538654025,1766.344763278125,6.826188051201173,260.1160000005139,6.826188051201173,12015.14893654209,7422.678512777964,0.0,1.7378140873247243,7.630437236764708,0.27877155903693357,0.0,0.0,0.0,0
square,327.7,134.7,CDW,0,mpc,43.44,8.309070978562763,31.636241147016175,3.382328405073217,-1.691335815797263,3.781634868884584,6.044759552875425,4.266237240608111,0.9224927082173463,-0.041807443758525915,2.352119404037031,1745.7202818304374,6.63411489234228,264.31600000053396,6.63411489234228,15158.594323529243,15766.19857167502,0.0,0.5442287704378356,5.743878240709989,0.20164854452308248,0.0,0.0,0.0,0
square,327.7,134.7,CDW,0,dobmpc,55.08,2.529636062215681,11.074069412122789,0.0495422133545183,-0.24470064770928066,0.24966545194200596,1.708137602328115,1.8490515679346016,1.7043147504966434,-0.1846505886523673,23.005525095737248,405.4079768935468,1.530880738331219,254.96600000048932,1.530880738331219,19611.78399175696,27524.340986988187,0.0,0.20708886771142446,1.277838299113707,0.1706253641778985,0.2998255067204327,2.1757109292795183,-1.2165493008077473,0
square,247.7,21.9,NONE,0,pid,22.1,1.3788558810501343,4.010044376695693,-0.0013524868919072574,0.0195567588238046,0.0196034700113332,0.9750427392392945,0.9747568421543861,6.898214597491063e-15,-3.184093700440171e-14,8.697195241071757e-13,193.0138569163054,0.7209046426787425,0.0,0.7209046426787425,4080.0225794984176,4415.064585107648,0.0,0.005625057382836308,0.6982688493742986,0.1611912147273503,0.0,0.0,0.0,0
square,247.7,21.9,NONE,0,mpc,29.6,2.0870494289426804,5.926323103172139,0.018479870618811275,0.012899545698257995,0.022536723304629948,1.4685730245683042,1.48275442554152,0.017854431447300194,-0.012194641497547764,0.039229840757631015,304.95573470395595,1.1448177817077785,260.81600000051725,1.1448177817077785,8899.386186265048,14603.140428706829,0.0,0.018195228318996438,1.0753021833925862,0.1681985721036032,0.0,0.0,0.0,0
square,247.7,21.9,NONE,0,dobmpc,40.87,2.122841010072959,5.964960460506211,0.018636034590999807,0.014694583019036724,0.023732521049823253,1.496125403907758,1.505821867710138,0.015149071617013931,-0.012254414459691818,0.03672831574126004,310.0533247584182,1.1639719619217437,260.81600000051725,1.1639719619217437,8914.079931409995,14911.23978151788,0.0,0.01846062566997472,1.1022706967119502,0.16981302829754247,0.2195858824456367,-0.00011146339690447306,-0.0009257495888124432,0
square,247.7,21.9,C,0,pid,22.15,1.4982165227432012,4.303496808575877,0.0014814077492427366,0.026309150293527053,0.02635082461872704,1.0211610141393679,1.095987484538259,0.06937170634893816,-1.9982380147530303,13.266498879990596,233.12557951820963,0.8597256409761598,0.0,0.8597256409761598,4897.614114890713,4454.705822505917,0.0,0.005852396448581312,0.7255534227420082,0.16138643578353248,0.0,0.0,0.0,0
square,247.7,21.9,C,0,mpc,30.08,3.519483992578185,8.658079074252889,-0.9361929903750901,-2.5605995361395975,2.7263762212331915,1.4960069774006157,1.6479087953758191,0.008723587190448977,-0.028589237459154124,0.062115950753487095,869.4539699416566,3.2555170701221394,247.91600000045565,3.2555170701221394,8962.615429903539,11981.62832194546,0.0,0.02600902560650129,1.1012426823201502,0.17066241349676542,0.0,0.0,0.0,0
square,247.7,21.9,C,0,dobmpc,41.04,2.1123650141723913,6.325902482868924,-0.15100440963745074,0.08017936899739139,0.17097094180817649,1.5014950538192617,1.4759293660311277,0.007879148527912426,-0.025418723155759684,0.1247270938446359,303.98292334518305,1.1413936464353487,260.7160000005168,1.1413936464353487,8735.756360823629,11356.68760457326,0.0,0.021945216896338902,1.1174644969612926,0.16979929317425488,0.17754696548630974,-0.6599791128239956,-1.8413692347365547,0
square,247.7,21.9,CD,0,pid,22.92,1.495248171529643,4.310647742633472,0.0014931421023298035,0.026086581921790364,0.026129279165335383,1.0199134606458773,1.0930969252661868,0.0673359482149083,-1.9470581059617484,15.861653892396667,232.36457809387298,0.8573382552094418,0.0,0.8573382552094418,4881.62840497944,4484.535434188772,0.0,0.005014132137939596,0.7242692418564389,0.16142547710556795,0.0,0.0,0.0,0
square,247.7,21.9,CD,0,mpc,31.12,3.499949465293141,8.734347095226823,-0.9287722388812015,-2.537638058786663,2.7022629015547213,1.4965355447533295,1.6455402862818818,0.008714558083973391,-0.02852676384945446,0.06223460991857477,863.5651850199328,3.2343314998473485,247.91600000045565,3.2343314998473485,8944.840921483054,12000.948046515581,0.0,0.04765765959659368,1.1000256045902455,0.17067535466216469,0.0,0.0,0.0,0
square,247.7,21.9,CD,0,dobmpc,42.28,2.1122820113266054,6.339935082356267,-0.14955130545267487,0.07974106458657902,0.1694822419724268,1.5015038692631812,1.4759733045071188,0.007922281433706007,-0.0251081054322734,0.1297494917465921,303.945803926458,1.1411818782680963,260.7160000005168,1.1411818782680963,8719.118116653952,11806.58204437577,0.0,0.02522345820386393,1.1172563593468177,0.16983560975931433,0.18436086667829182,-0.6547765832384649,-1.8249228509256243,0
square,247.7,21.9,CW,0,pid,34.3,11.515133657394713,56.57965617063506,0.5360639273699381,-1.3799309576968748,1.4803965624917859,9.057998464121193,6.954091816290981,6.723845835030071,0.6077638005292012,53.59656985381858,1892.3651439280893,7.240375790876204,263.91600000053205,7.240375790876204,12200.496892627885,7475.4173826930555,0.0,2.045352888810811,7.7041767409767665,0.2520956658351305,0.0,0.0,0.0,0
square,247.7,21.9,CW,0,mpc,48.12,10.476398534545318,73.43667501270077,-1.606410202957438,-2.8240304748029086,3.248953964398588,9.170191972512452,3.886747172007739,1.4206645531472308,0.05186919923655519,40.88253173172899,1998.0731336848207,7.579519708785784,264.2660000005337,7.579519708785784,20040.765328379606,20732.93779773363,0.0,1.4185072200249207,8.477749641041493,0.20806726935250924,0.0,0.0,0.0,1
square,247.7,21.9,CW,0,dobmpc,54.02,2.8340007935538964,14.467427432051988,-0.08459996343995965,0.012164143940160481,0.08546999597425668,2.0426111185869367,1.962650044169183,1.4788124630968726,-0.3397200690228265,30.70951783603728,443.36716462035685,1.6785980718596458,261.6660000005213,1.6785980718596458,17575.4928676151,21674.489387736434,0.0,0.2804305783606347,1.671393533627605,0.1823498147409254,0.294326169033179,-1.0495057772031462,-2.0705445387731074,0
square,247.7,21.9,CDW,0,pid,34.9,11.794654385072933,60.190140129816605,0.7036758425831872,-1.3633574716110215,1.5342435552521496,9.420690513159883,6.928965220849848,6.841493219425998,0.5420054515187289,53.52059498486746,1914.7775154751394,7.338779110270837,263.8660000005318,7.338779110270837,12162.744978228584,7455.105169536077,0.0,2.21759337808332,7.9146187878717,0.2581565764893202,0.0,0.0,0.0,0
square,247.7,21.9,CDW,0,mpc,44.26,9.086688341321013,35.71587855446434,-1.2529644945462797,-2.9063105854063123,3.164895139406422,7.733416286096244,3.570100322792374,0.9513742976411993,-0.04404491705051446,10.47078371877828,1903.6013880741614,7.222169175593489,264.2660000005337,7.222169175593489,17527.84499279463,19028.44707709202,0.0,0.8074352611535665,7.357331317663552,0.19794740046631448,0.0,0.0,0.0,0
square,247.7,21.9,CDW,0,dobmpc,53.26,2.864014507945025,14.832450983341976,-0.08322009987658513,0.014024630686403078,0.08439357374444337,2.077937852067128,1.9691701575478122,1.3788222067931888,-0.3479544816700371,31.08478599425557,446.2180681977582,1.6896050504156588,261.6660000005213,1.6896050504156588,17643.862497906695,22168.148393087027,0.0,0.3032787396197307,1.7010173236428614,0.18276964393694944,0.29943075640577765,-1.0410659577907417,-2.049927002431102,0
square,68.4,133.2,NONE,0,pid,21.64,1.3788558810501343,4.010044376695693,-0.0013524868919072574,0.0195567588238046,0.0196034700113332,0.9750427392392945,0.9747568421543861,6.898214597491063e-15,-3.184093700440171e-14,8.697195241071757e-13,193.0138569163054,0.7209046426787425,0.0,0.7209046426787425,4080.0225794984176,4415.064585107648,0.0,0.005625057382836308,0.6982688493742986,0.1611912147273503,0.0,0.0,0.0,0
square,68.4,133.2,NONE,0,mpc,29.94,2.0870494289426804,5.926323103172139,0.018479870618811275,0.012899545698257995,0.022536723304629948,1.4685730245683042,1.48275442554152,0.017854431447300194,-0.012194641497547764,0.039229840757631015,304.95573470395595,1.1448177817077785,260.81600000051725,1.1448177817077785,8899.386186265048,14603.140428706829,0.0,0.018195228318996438,1.0753021833925862,0.1681985721036032,0.0,0.0,0.0,0
square,68.4,133.2,NONE,0,dobmpc,39.28,2.122841010072959,5.964960460506211,0.018636034590999807,0.014694583019036724,0.023732521049823253,1.496125403907758,1.505821867710138,0.015149071617013931,-0.012254414459691818,0.03672831574126004,310.0533247584182,1.1639719619217437,260.81600000051725,1.1639719619217437,8914.079931409995,14911.23978151788,0.0,0.01846062566997472,1.1022706967119502,0.16981302829754247,0.2195858824456367,-0.00011146339690447306,-0.0009257495888124432,0
square,68.4,133.2,C,0,pid,21.96,1.5083662193609146,4.300053605417368,-0.0016660506052624368,0.02925095863377949,0.029298366944496654,1.0311028671728564,1.1005167580329884,0.06762286059320688,-2.0215715249307897,13.57031515034362,233.73644081310073,0.866086931477396,0.0,0.866086931477396,4909.661866022808,4453.0379106231885,0.0,0.006696153619431321,0.7335049271050706,0.16048759806083734,0.0,0.0,0.0,0
square,68.4,133.2,C,0,mpc,29.01,3.5211632613623056,8.64360364467851,0.916514168765686,2.5946370082204293,2.7517520647717,1.5020647348833773,1.6032008044571464,0.0018433017299972602,-0.028326663588146957,0.06142025269414393,860.5299195994137,3.2455433426151354,261.1160000005187,3.2455433426151354,8580.841486742835,10613.696148063522,0.0,0.022568437487683304,1.1030521488771052,0.1682388404728206,0.0,0.0,0.0,0
square,68.4,133.2,C,0,dobmpc,36.18,2.15779147778938,6.326569803829356,0.18208819479423455,-0.059611837398455665,0.19159770834079157,1.5287714958530647,1.5106992067404479,0.005858661557828998,-0.026785704032169726,0.12515753561401471,318.309691026595,1.194523947119773,260.81600000051725,1.194523947119773,9006.014534533891,11914.019805518843,0.0,0.0183142221093585,1.1481106690227811,0.17056254616621325,0.1933495103729337,0.6461780785188489,1.8678679029093537,0
square,68.4,133.2,CD,0,pid,22.65,1.5089315616221437,4.328269059291094,-0.0017574875205230867,0.028779032530395213,0.02883264600709308,1.0306397081670815,1.101737231890138,0.06724826830196072,-2.0086279150856545,16.029245299471604,233.38022140125042,0.8654666419544609,0.0,0.8654666419544609,4901.860866410566,4486.084547738473,0.0,0.006142446623511583,0.7331809570552088,0.16042910217670875,0.0,0.0,0.0,0
square,68.4,133.2,CD,0,mpc,29.86,3.5071346237056127,8.661217646595976,0.9096871762873419,2.5764436519414264,2.7323236723219506,1.501069566735037,1.6066084695051521,0.0018376042153056735,-0.028370281712649607,0.06207428402891095,856.0334102886723,3.2288381806185797,261.1160000005187,3.2288381806185797,8572.683333795043,10638.114485270753,0.0,0.026678206293336816,1.1030285747992539,0.16818989358223715,0.0,0.0,0.0,0
square,68.4,133.2,CD,0,dobmpc,37.11,2.1569792588637147,6.330259171527297,0.18079949778812865,-0.05929345568556287,0.19027394011680987,1.5277608663440758,1.51072899162897,0.005888172095811667,-0.026755687270839035,0.12820927707512145,318.147433153507,1.1939266933287511,260.81600000051725,1.1939266933287511,8991.404497480768,12332.917856403928,0.0,0.015339605303291377,1.1467013802589718,0.17055465375070206,0.1984386991000231,0.6412337200016411,1.8545955028668686,0
square,68.4,133.2,CW,0,pid,31.38,12.576279125142959,62.08767741330681,-0.8931711006722919,1.3886939493237909,1.6511285534338809,9.044140521200477,8.58138062122415,7.194302907773182,-1.6776282361731694,88.47051096592199,1919.2790584285137,7.452552957828424,260.1160000005139,7.452552957828424,12519.979013510288,7477.740738089722,0.0,1.0783979411888394,7.593324865374623,0.27537018522465073,0.0,0.0,0.0,0
square,68.4,133.2,CW,0,mpc,35.84,8.307456499705433,32.54092795653117,1.193854135893246,3.596794254469487,3.7897515230914705,5.143195997766932,5.310287357222598,0.9483886196201304,-0.023563576940293398,1.4360879043685995,1810.328588019069,6.989168987129976,0.0,6.989168987129976,14970.173526056222,15565.86438246011,0.0,0.12439543613677197,4.9544053806420765,0.19909930518743515,0.0,0.0,0.0,0
square,68.4,133.2,CW,0,dobmpc,43.0,3.342472545916681,22.095177693814424,0.5080090992760049,0.21095789792673192,0.5500695225559068,2.437985699880271,2.219408021915114,1.4548833340775944,-0.32699406648374557,23.13571674593138,474.51568186439073,1.8064985096759034,255.61600000049242,1.8064985096759034,18253.761692972435,22434.32815081905,0.0,0.37447655615594005,1.8854968253397923,0.18990878125732136,0.32229878439920046,0.8109452613523631,2.460991436253336,1
square,68.4,133.2,CDW,0,pid,24.42,12.470201110829043,64.66058496705124,-0.9130398601840786,1.385378178840967,1.6591909126720996,9.022467743236696,8.446779095139258,7.051784428474374,-1.6444749767543703,88.23924710655145,1896.4795042815756,7.361283520423257,260.1160000005139,7.361283520423257,12447.376874526803,7418.878534373197,0.0,1.1155302048566282,7.567441441608124,0.2714973127776431,0.0,0.0,0.0,0
square,68.4,133.2,CDW,0,mpc,33.94,15.634292890693988,143.61347901995353,-0.09837067143655158,4.3558239585689265,4.356934604402728,11.781434841633684,9.30838482859956,2.515848867625291,0.2894107431564541,48.0941915005145,2157.839742309684,8.359203968448705,0.0,8.359203968448705,23124.450532734616,25148.803321731622,0.0,2.526023163362316,9.68749684001497,0.23511244491209107,0.0,0.0,0.0,1
square,68.4,133.2,CDW,0,dobmpc,41.17,3.013025561176388,19.581627215614024,0.3913434512847239,0.22837092667500092,0.4531037155153748,2.026284935164729,2.1833894331550017,1.5192754851485504,-0.3573676603179218,23.678870040299227,450.1371788430889,1.7102638372802685,255.56600000049218,1.7102638372802685,17076.630416788594,21026.609167392042,0.0,0.19858870951747495,1.5556325459064884,0.18768789679836848,0.30333116638015695,0.8103736207980395,2.4440760342510433,1
