t,px,py,pz,rx,ry,yaw_deg,pitch_deg,lap
0.0020,0.00000,0.00000,0.00000,0.00000,0.00000,0.000,-0.000,0
0.0520,0.00056,0.00012,-0.00001,0.00750,0.00000,-0.015,-0.007,0
0.1020,0.00209,0.00044,-0.00005,0.01500,0.00000,-0.046,-0.010,0
0.1520,0.00449,0.00095,-0.00010,0.02250,0.00000,-0.076,-0.001,0
0.2020,0.00768,0.00162,-0.00016,0.03000,0.00000,-0.101,0.009,0
0.2520,0.01160,0.00243,-0.00024,0.03750,0.00000,-0.122,0.018,0
0.3020,0.01616,0.00336,-0.00033,0.04500,0.00000,-0.139,0.025,0
0.3520,0.02130,0.00440,-0.00042,0.05250,0.00000,-0.152,0.032,0
0.4020,0.02696,0.00552,-0.00052,0.06000,0.00000,-0.162,0.038,0
0.4520,0.03309,0.00672,-0.00062,0.06750,0.00000,-0.169,0.042,0
0.5040,0.03990,0.00802,-0.00072,0.07530,0.00000,-0.174,0.047,0
0.5540,0.04681,0.00931,-0.00081,0.08280,0.00000,-0.176,0.050,0
0.6040,0.05404,0.01063,-0.00090,0.09030,0.00000,-0.176,0.053,0
0.6540,0.06156,0.01196,-0.00098,0.09780,0.00000,-0.174,0.055,0
0.7040,0.06933,0.01330,-0.00106,0.10530,0.00000,-0.170,0.056,0
0.7540,0.07729,0.01462,-0.00112,0.11280,0.00000,-0.165,0.058,0
0.8040,0.08544,0.01592,-0.00117,0.12030,0.00000,-0.158,0.058,0
0.8540,0.09375,0.01719,-0.00121,0.12780,0.00000,-0.151,0.059,0
0.9040,0.10217,0.01841,-0.00123,0.13530,0.00000,-0.142,0.059,0
0.9540,0.11070,0.01958,-0.00124,0.14280,0.00000,-0.133,0.059,0
1.0060,0.11967,0.02075,-0.00124,0.15060,0.00000,-0.123,0.058,0
1.0560,0.12836,0.02180,-0.00121,0.15810,0.00000,-0.113,0.058,0
1.1060,0.13709,0.02279,-0.00118,0.16560,0.00000,-0.102,0.057,0
1.1560,0.14587,0.02370,-0.00112,0.17310,0.00000,-0.091,0.056,0
1.2060,0.15467,0.02454,-0.00105,0.18060,0.00000,-0.080,0.054,0
1.2560,0.16349,0.02531,-0.00097,0.18810,0.00000,-0.069,0.053,0
1.3060,0.17231,0.02600,-0.00087,0.19560,0.00000,-0.058,0.052,0
1.3560,0.18113,0.02659,-0.00075,0.20310,0.00000,-0.047,0.050,0
1.4060,0.18993,0.02710,-0.00062,0.21060,0.00000,-0.036,0.048,0
1.4560,0.19872,0.02753,-0.00047,0.21810,0.00000,-0.026,0.046,0
1.5060,0.20748,0.02787,-0.00031,0.22560,0.00000,-0.016,0.044,0
1.5560,0.21620,0.02812,-0.00014,0.23310,0.00000,-0.006,0.042,0
1.6060,0.22489,0.02828,0.00005,0.24060,0.00000,0.004,0.040,0
1.6560,0.23355,0.02836,0.00024,0.24810,0.00000,0.013,0.038,0
1.7060,0.24216,0.02835,0.00045,0.25560,0.00000,0.021,0.036,0
1.7560,0.25072,0.02826,0.00066,0.26310,0.00000,0.029,0.033,0
1.8060,0.25924,0.02808,0.00088,0.27060,0.00000,0.037,0.031,0
1.8560,0.26771,0.02782,0.00110,0.27810,0.00000,0.044,0.029,0
1.9060,0.27614,0.02749,0.00133,0.28560,0.00000,0.051,0.026,0
1.9560,0.28452,0.02709,0.00157,0.29310,0.00000,0.057,0.024,0
2.0080,0.29320,0.02660,0.00181,0.30090,0.00000,0.063,0.021,0
2.0600,0.30183,0.02602,0.00206,0.30870,0.00000,0.068,0.019,0
2.1120,0.31040,0.02537,0.00230,0.31650,0.00000,0.073,0.017,0
2.1640,0.31892,0.02465,0.00254,0.32430,0.00000,0.077,0.014,0
2.2160,0.32739,0.02385,0.00278,0.33210,0.00000,0.081,0.012,0
2.2680,0.33580,0.02297,0.00301,0.33990,0.00000,0.085,0.009,0
2.3200,0.34416,0.02202,0.00323,0.34770,0.00000,0.088,0.007,0
2.3720,0.35247,0.02101,0.00344,0.35550,0.00000,0.090,0.005,0
2.4240,0.36074,0.01995,0.00365,0.36330,0.00000,0.092,0.002,0
2.4760,0.36897,0.01883,0.00384,0.37110,0.00000,0.094,0.000,0
2.5280,0.37717,0.01767,0.00402,0.37890,0.00000,0.095,-0.002,0
2.5800,0.38534,0.01647,0.00418,0.38670,0.00000,0.096,-0.004,0
2.6320,0.39347,0.01521,0.00433,0.39450,0.00000,0.097,-0.006,0
2.6840,0.40156,0.01392,0.00446,0.40230,0.00000,0.097,-0.008,0
2.7360,0.40962,0.01259,0.00458,0.41010,0.00000,0.097,-0.010,0
2.7880,0.41765,0.01123,0.00468,0.41790,0.00000,0.097,-0.012,0
2.8400,0.42566,0.00984,0.00476,0.42570,0.00000,0.096,-0.014,0
2.8920,0.43365,0.00843,0.00482,0.43350,0.00000,0.095,-0.015,0
2.9440,0.44161,0.00701,0.00487,0.44130,0.00000,0.094,-0.017,0
2.9960,0.44957,0.00559,0.00489,0.44910,0.00000,0.093,-0.019,0
3.0480,0.45752,0.00416,0.00490,0.45690,0.00000,0.091,-0.020,0
3.1000,0.46546,0.00274,0.00488,0.46470,0.00000,0.089,-0.022,0
3.1520,0.47339,0.00132,0.00485,0.47250,0.00000,0.088,-0.023,0
3.2040,0.48131,-0.00009,0.00480,0.48030,0.00000,0.085,-0.024,0
3.2560,0.48923,-0.00148,0.00473,0.48810,0.00000,0.083,-0.025,0
3.3080,0.49714,-0.00286,0.00465,0.49590,0.00000,0.081,-0.027,0
3.3600,0.50506,-0.00420,0.00454,0.50370,0.00000,0.078,-0.028,0
3.4120,0.51299,-0.00550,0.00442,0.51150,0.00000,0.075,-0.029,0
3.4640,0.52092,-0.00676,0.00429,0.51930,0.00000,0.073,-0.029,0
3.5160,0.52886,-0.00798,0.00414,0.52710,0.00000,0.070,-0.030,0
3.5680,0.53680,-0.00916,0.00398,0.53490,0.00000,0.067,-0.031,0
3.6200,0.54474,-0.01029,0.00381,0.54270,0.00000,0.064,-0.032,0
3.6720,0.55268,-0.01138,0.00362,0.55050,0.00000,0.061,-0.032,0
3.7240,0.56062,-0.01242,0.00343,0.55830,0.00000,0.057,-0.033,0
3.7760,0.56856,-0.01341,0.00322,0.56610,0.00000,0.054,-0.033,0
3.8280,0.57651,-0.01433,0.00301,0.57390,0.00000,0.051,-0.034,0
3.8800,0.58446,-0.01520,0.00280,0.58170,0.00000,0.047,-0.034,0
3.9320,0.59241,-0.01599,0.00258,0.58950,0.00000,0.044,-0.035,0
3.9840,0.60036,-0.01673,0.00236,0.59730,0.00000,0.040,-0.035,0
4.0360,0.60831,-0.01740,0.00214,0.60510,0.00000,0.037,-0.035,0
4.0880,0.61625,-0.01801,0.00191,0.61290,0.00000,0.034,-0.035,0
4.1400,0.62418,-0.01857,0.00169,0.62070,0.00000,0.030,-0.035,0
4.1920,0.63209,-0.01907,0.00148,0.62850,0.00000,0.027,-0.036,0
4.2440,0.63999,-0.01951,0.00126,0.63630,0.00000,0.024,-0.036,0
4.2960,0.64788,-0.01988,0.00106,0.64410,0.00000,0.020,-0.036,0
4.3480,0.65576,-0.02020,0.00086,0.65190,0.00000,0.017,-0.036,0
4.4000,0.66361,-0.02047,0.00067,0.65970,0.00000,0.014,-0.036,0
4.4520,0.67144,-0.02068,0.00049,0.66750,0.00000,0.011,-0.036,0
4.5040,0.67926,-0.02084,0.00032,0.67530,0.00000,0.008,-0.036,0
4.5560,0.68704,-0.02095,0.00016,0.68310,0.00000,0.004,-0.036,0
4.6080,0.69480,-0.02102,0.00001,0.69090,0.00000,0.001,-0.036,0
4.6600,0.70253,-0.02104,-0.00012,0.69870,0.00000,-0.002,-0.036,0
4.7120,0.71023,-0.02102,-0.00023,0.70650,0.00000,-0.004,-0.036,0
4.7640,0.71790,-0.02097,-0.00033,0.71430,0.00000,-0.007,-0.036,0
4.8160,0.72553,-0.02088,-0.00041,0.72210,0.00000,-0.010,-0.036,0
4.8680,0.73313,-0.02075,-0.00048,0.72990,0.00000,-0.013,-0.036,0
4.9200,0.74069,-0.02060,-0.00053,0.73770,0.00000,-0.016,-0.037,0
4.9720,0.74821,-0.02043,-0.00057,0.74550,0.00000,-0.018,-0.037,0
5.0240,0.75570,-0.02023,-0.00058,0.75330,0.00000,-0.021,-0.037,0
5.0760,0.76316,-0.02000,-0.00058,0.76110,0.00000,-0.024,-0.037,0
5.1280,0.77057,-0.01976,-0.00057,0.76890,0.00000,-0.026,-0.037,0
5.1800,0.77794,-0.01952,-0.00054,0.77670,0.00000,-0.029,-0.037,0
5.2320,0.78525,-0.01927,-0.00049,0.78450,0.00000,-0.031,-0.038,0
5.2840,0.79252,-0.01902,-0.00042,0.79230,0.00000,-0.034,-0.038,0
5.3360,0.79975,-0.01877,-0.00034,0.80010,0.00000,-0.037,-0.038,0
5.3880,0.80694,-0.01852,-0.00025,0.80790,0.00000,-0.040,-0.038,0
5.4400,0.81408,-0.01828,-0.00015,0.81570,0.00000,-0.042,-0.039,0
5.4920,0.82119,-0.01804,-0.00003,0.82350,0.00000,-0.045,-0.039,0
5.5440,0.82825,-0.01781,0.00010,0.83130,0.00000,-0.048,-0.040,0
5.5960,0.83528,-0.01759,0.00023,0.83910,0.00000,-0.051,-0.040,0
5.6480,0.84226,-0.01740,0.00038,0.84690,0.00000,-0.054,-0.041,0
5.7000,0.84920,-0.01722,0.00053,0.85470,0.00000,-0.057,-0.042,0
5.7520,0.85610,-0.01706,0.00069,0.86250,0.00000,-0.060,-0.042,0
5.8040,0.86298,-0.01691,0.00085,0.87030,0.00000,-0.063,-0.043,0
5.8560,0.86983,-0.01678,0.00101,0.87810,0.00000,-0.067,-0.044,0
5.9080,0.87665,-0.01667,0.00118,0.88590,0.00000,-0.070,-0.045,0
5.9600,0.88344,-0.01659,0.00134,0.89370,0.00000,-0.074,-0.046,0
6.0120,0.89019,-0.01655,0.00150,0.90150,0.00000,-0.077,-0.047,0
6.0640,0.89692,-0.01652,0.00166,0.90930,0.00000,-0.081,-0.048,0
6.1160,0.90363,-0.01654,0.00181,0.91710,0.00000,-0.085,-0.050,0
6.1680,0.91031,-0.01657,0.00195,0.92490,0.00000,-0.089,-0.051,0
6.2200,0.91698,-0.01663,0.00209,0.93270,0.00000,-0.094,-0.053,0
6.2720,0.92365,-0.01670,0.00221,0.94050,0.00000,-0.098,-0.054,0
6.3240,0.93030,-0.01681,0.00233,0.94830,0.00000,-0.103,-0.056,0
6.3760,0.93695,-0.01693,0.00243,0.95610,0.00000,-0.108,-0.058,0
6.4280,0.94359,-0.01708,0.00251,0.96390,0.00000,-0.113,-0.060,0
6.4800,0.95022,-0.01725,0.00258,0.97170,0.00000,-0.118,-0.062,0
6.5320,0.95686,-0.01744,0.00264,0.97950,0.00000,-0.124,-0.064,0
6.5840,0.96350,-0.01765,0.00267,0.98730,0.00000,-0.130,-0.066,0
6.6360,0.97016,-0.01787,0.00269,0.99510,0.00000,-0.136,-0.068,0
6.6880,0.97683,-0.01809,0.00269,1.00000,0.00290,-0.142,-0.070,0
6.7400,0.98313,-0.01805,0.00267,1.00000,0.01070,0.430,-0.064,0
6.7920,0.98828,-0.01711,0.00262,1.00000,0.01850,2.904,-0.050,0
6.8440,0.99242,-0.01513,0.00256,1.00000,0.02630,6.595,-0.057,0
6.8960,0.99568,-0.01217,0.00248,1.00000,0.03410,10.405,-0.067,0
6.9480,0.99817,-0.00833,0.00237,1.00000,0.04190,14.117,-0.073,0
7.0000,1.00002,-0.00367,0.00224,1.00000,0.04970,17.721,-0.078,0
7.0520,1.00130,0.00173,0.00209,1.00000,0.05750,21.238,-0.082,0
7.1040,1.00209,0.00781,0.00192,1.00000,0.06530,24.683,-0.084,0
7.1560,1.00248,0.01451,0.00173,1.00000,0.07310,28.069,-0.086,0
7.2080,1.00249,0.02178,0.00152,1.00000,0.08090,31.407,-0.088,0
7.2600,1.00218,0.02956,0.00129,1.00000,0.08870,34.706,-0.090,0
7.3120,1.00158,0.03781,0.00104,1.00000,0.09650,37.972,-0.091,0
7.3640,1.00072,0.04646,0.00077,1.00000,0.10430,41.212,-0.093,0
7.4160,0.99963,0.05548,0.00049,1.00000,0.11210,44.431,-0.094,0
7.4680,0.99832,0.06481,0.00019,1.00000,0.11990,47.633,-0.095,0
7.5200,0.99681,0.07439,-0.00012,1.00000,0.12770,50.820,-0.096,0
7.5720,0.99512,0.08417,-0.00045,1.00000,0.13550,53.997,-0.096,0
7.6240,0.99325,0.09409,-0.00078,1.00000,0.14330,57.165,-0.097,0
7.6760,0.99123,0.10411,-0.00113,1.00000,0.15110,60.326,-0.097,0
7.7280,0.98910,0.11418,-0.00148,1.00000,0.15890,63.481,-0.097,0
7.7800,0.98687,0.12425,-0.00184,1.00000,0.16670,66.632,-0.096,0
7.8320,0.98456,0.13428,-0.00220,1.00000,0.17450,69.778,-0.095,0
7.8840,0.98222,0.14424,-0.00257,1.00000,0.18230,72.920,-0.094,0
7.9360,0.97988,0.15411,-0.00293,1.00000,0.19010,76.057,-0.092,0
7.9880,0.97756,0.16386,-0.00330,1.00000,0.19790,79.189,-0.089,0
8.0380,0.97537,0.17310,-0.00364,1.00000,0.20540,82.193,-0.087,0
8.0880,0.97322,0.18221,-0.00398,1.00000,0.21290,85.176,-0.084,0
8.1380,0.97115,0.19118,-0.00431,1.00000,0.22040,88.003,-0.081,0
8.1880,0.96919,0.20004,-0.00463,1.00000,0.22790,89.966,-0.078,0
8.2380,0.96745,0.20886,-0.00494,1.00000,0.23540,90.380,-0.076,0
8.2880,0.96598,0.21767,-0.00524,1.00000,0.24290,90.341,-0.073,0
8.3380,0.96479,0.22647,-0.00552,1.00000,0.25040,90.321,-0.071,0
8.3880,0.96385,0.23526,-0.00579,1.00000,0.25790,90.318,-0.068,0
8.4380,0.96315,0.24403,-0.00604,1.00000,0.26540,90.318,-0.066,0
8.4880,0.96268,0.25279,-0.00626,1.00000,0.27290,90.318,-0.063,0
8.5380,0.96240,0.26153,-0.00647,1.00000,0.28040,90.317,-0.060,0
8.5880,0.96230,0.27025,-0.00666,1.00000,0.28790,90.317,-0.058,0
8.6380,0.96238,0.27895,-0.00682,1.00000,0.29540,90.316,-0.055,0
8.6880,0.96259,0.28762,-0.00695,1.00000,0.30290,90.315,-0.052,0
8.7380,0.96294,0.29627,-0.00706,1.00000,0.31040,90.314,-0.050,0
8.7880,0.96339,0.30489,-0.00714,1.00000,0.31790,90.313,-0.047,0
8.8380,0.96394,0.31349,-0.00720,1.00000,0.32540,90.311,-0.045,0
8.8880,0.96456,0.32204,-0.00722,1.00000,0.33290,90.309,-0.042,0
8.9380,0.96527,0.33057,-0.00722,1.00000,0.34040,90.307,-0.040,0
8.9880,0.96603,0.33907,-0.00719,1.00000,0.34790,90.304,-0.038,0
9.0380,0.96685,0.34753,-0.00713,1.00000,0.35540,90.301,-0.036,0
9.0880,0.96770,0.35595,-0.00704,1.00000,0.36290,90.298,-0.034,0
9.1380,0.96858,0.36433,-0.00692,1.00000,0.37040,90.294,-0.032,0
9.1880,0.96946,0.37267,-0.00677,1.00000,0.37790,90.291,-0.030,0
9.2380,0.97034,0.38095,-0.00660,1.00000,0.38540,90.287,-0.029,0
9.2880,0.97120,0.38919,-0.00639,1.00000,0.39290,90.283,-0.027,0
9.3380,0.97205,0.39737,-0.00616,1.00000,0.40040,90.279,-0.026,0
9.3880,0.97288,0.40550,-0.00591,1.00000,0.40790,90.275,-0.024,0
9.4380,0.97368,0.41358,-0.00562,1.00000,0.41540,90.271,-0.023,0
9.4880,0.97445,0.42160,-0.00532,1.00000,0.42290,90.267,-0.022,0
9.5380,0.97517,0.42955,-0.00499,1.00000,0.43040,90.262,-0.022,0
9.5880,0.97583,0.43744,-0.00464,1.00000,0.43790,90.258,-0.021,0
9.6380,0.97642,0.44526,-0.00427,1.00000,0.44540,90.254,-0.020,0
9.6880,0.97695,0.45301,-0.00388,1.00000,0.45290,90.251,-0.020,0
9.7380,0.97742,0.46070,-0.00347,1.00000,0.46040,90.247,-0.019,0
9.7880,0.97784,0.46832,-0.00306,1.00000,0.46790,90.243,-0.019,0
9.8380,0.97821,0.47589,-0.00263,1.00000,0.47540,90.240,-0.019,0
9.8880,0.97851,0.48339,-0.00218,1.00000,0.48290,90.236,-0.019,0
9.9380,0.97873,0.49081,-0.00173,1.00000,0.49040,90.233,-0.019,0
9.9880,0.97887,0.49817,-0.00128,1.00000,0.49790,90.230,-0.019,0
10.0380,0.97894,0.50545,-0.00082,1.00000,0.50540,90.228,-0.020,0
10.0880,0.97894,0.51267,-0.00036,1.00000,0.51290,90.225,-0.020,0
10.1380,0.97886,0.51982,0.00010,1.00000,0.52040,90.223,-0.020,0
10.1880,0.97870,0.52690,0.00056,1.00000,0.52790,90.221,-0.021,0
10.2380,0.97846,0.53391,0.00101,1.00000,0.53540,90.220,-0.022,0
10.2880,0.97815,0.54086,0.00146,1.00000,0.54290,90.219,-0.022,0
10.3380,0.97778,0.54776,0.00190,1.00000,0.55040,90.219,-0.023,0
10.3880,0.97735,0.55459,0.00232,1.00000,0.55790,90.218,-0.024,0
10.4380,0.97684,0.56137,0.00274,1.00000,0.56540,90.218,-0.025,0
10.4880,0.97629,0.56810,0.00313,1.00000,0.57290,90.219,-0.027,0
10.5380,0.97567,0.57477,0.00352,1.00000,0.58040,90.220,-0.028,0
10.5880,0.97500,0.58140,0.00388,1.00000,0.58790,90.221,-0.029,0
10.6380,0.97428,0.58798,0.00422,1.00000,0.59540,90.223,-0.031,0
10.6880,0.97352,0.59453,0.00454,1.00000,0.60290,90.225,-0.033,0
10.7380,0.97272,0.60105,0.00484,1.00000,0.61040,90.228,-0.034,0
10.7880,0.97187,0.60752,0.00511,1.00000,0.61790,90.231,-0.036,0
10.8380,0.97098,0.61396,0.00535,1.00000,0.62540,90.234,-0.038,0
10.8880,0.97005,0.62037,0.00557,1.00000,0.63290,90.239,-0.040,0
10.9380,0.96909,0.62676,0.00576,1.00000,0.64040,90.243,-0.042,0
10.9880,0.96810,0.63313,0.00593,1.00000,0.64790,90.248,-0.045,0
11.0380,0.96710,0.63948,0.00606,1.00000,0.65540,90.254,-0.047,0
11.0880,0.96606,0.64582,0.00616,1.00000,0.66290,90.261,-0.049,0
11.1380,0.96501,0.65214,0.00624,1.00000,0.67040,90.267,-0.052,0
11.1880,0.96395,0.65847,0.00628,1.00000,0.67790,90.275,-0.054,0
11.2380,0.96289,0.66479,0.00629,1.00000,0.68540,90.283,-0.057,0
11.2880,0.96182,0.67111,0.00628,1.00000,0.69290,90.291,-0.060,0
11.3380,0.96075,0.67744,0.00623,1.00000,0.70040,90.300,-0.063,0
11.3880,0.95970,0.68377,0.00615,1.00000,0.70790,90.310,-0.065,0
11.4380,0.95865,0.69013,0.00605,1.00000,0.71540,90.320,-0.068,0
11.4880,0.95763,0.69650,0.00592,1.00000,0.72290,90.330,-0.071,0
11.5380,0.95663,0.70289,0.00576,1.00000,0.73040,90.341,-0.074,0
11.5880,0.95565,0.70930,0.00557,1.00000,0.73790,90.352,-0.076,0
11.6380,0.95468,0.71574,0.00536,1.00000,0.74540,90.363,-0.079,0
11.6880,0.95374,0.72220,0.00513,1.00000,0.75290,90.375,-0.082,0
11.7380,0.95281,0.72868,0.00487,1.00000,0.76040,90.388,-0.084,0
11.7880,0.95192,0.73520,0.00459,1.00000,0.76790,90.400,-0.087,0
11.8380,0.95107,0.74176,0.00429,1.00000,0.77540,90.413,-0.089,0
11.8880,0.95025,0.74835,0.00397,1.00000,0.78290,90.426,-0.091,0
11.9380,0.94947,0.75497,0.00364,1.00000,0.79040,90.440,-0.094,0
11.9880,0.94871,0.76163,0.00329,1.00000,0.79790,90.453,-0.096,0
12.0380,0.94798,0.76833,0.00293,1.00000,0.80540,90.467,-0.098,0
12.0880,0.94730,0.77507,0.00255,1.00000,0.81290,90.481,-0.099,0
12.1380,0.94667,0.78186,0.00217,1.00000,0.82040,90.495,-0.101,0
12.1880,0.94611,0.78871,0.00178,1.00000,0.82790,90.509,-0.102,0
12.2380,0.94560,0.79560,0.00138,1.00000,0.83540,90.522,-0.103,0
12.2880,0.94513,0.80253,0.00098,1.00000,0.84290,90.535,-0.104,0
12.3380,0.94470,0.80951,0.00057,1.00000,0.85040,90.548,-0.105,0
12.3880,0.94433,0.81654,0.00017,1.00000,0.85790,90.561,-0.105,0
12.4380,0.94401,0.82362,-0.00023,1.00000,0.86540,90.573,-0.106,0
12.4880,0.94373,0.83075,-0.00063,1.00000,0.87290,90.586,-0.106,0
12.5380,0.94349,0.83791,-0.00102,1.00000,0.88040,90.598,-0.106,0
12.5880,0.94329,0.84512,-0.00141,1.00000,0.88790,90.609,-0.105,0
12.6380,0.94314,0.85237,-0.00178,1.00000,0.89540,90.621,-0.105,0
12.6880,0.94304,0.85968,-0.00215,1.00000,0.90290,90.632,-0.104,0
12.7380,0.94300,0.86702,-0.00250,1.00000,0.91040,90.642,-0.103,0
12.7880,0.94301,0.87442,-0.00284,1.00000,0.91790,90.652,-0.102,0
12.8380,0.94306,0.88185,-0.00317,1.00000,0.92540,90.661,-0.101,0
12.8880,0.94316,0.88933,-0.00347,1.00000,0.93290,90.669,-0.099,0
12.9380,0.94328,0.89683,-0.00376,1.00000,0.94040,90.677,-0.098,0
12.9880,0.94345,0.90437,-0.00404,1.00000,0.94790,90.685,-0.096,0
13.0380,0.94368,0.91196,-0.00429,1.00000,0.95540,90.692,-0.094,0
13.0880,0.94394,0.91957,-0.00452,1.00000,0.96290,90.698,-0.092,0
13.1380,0.94424,0.92722,-0.00473,1.00000,0.97040,90.704,-0.090,0
13.1880,0.94457,0.93489,-0.00492,1.00000,0.97790,90.709,-0.088,0
13.2380,0.94493,0.94258,-0.00509,1.00000,0.98540,90.713,-0.086,0
13.2880,0.94532,0.95029,-0.00523,1.00000,0.99290,90.717,-0.084,0
13.3380,0.94574,0.95802,-0.00535,0.99960,1.00000,90.721,-0.081,0
13.3880,0.94596,0.96539,-0.00545,0.99210,1.00000,91.294,-0.074,0
13.4380,0.94536,0.97148,-0.00553,0.98460,1.00000,93.668,-0.058,0
13.4880,0.94381,0.97628,-0.00558,0.97710,1.00000,97.058,-0.055,0
13.5380,0.94140,0.97994,-0.00562,0.96960,1.00000,100.540,-0.056,0
13.5880,0.93830,0.98264,-0.00563,0.96210,1.00000,103.945,-0.055,0
13.6380,0.93458,0.98452,-0.00562,0.95460,1.00000,107.268,-0.053,0
13.6880,0.93033,0.98572,-0.00559,0.94710,1.00000,110.525,-0.050,0
13.7380,0.92565,0.98637,-0.00554,0.93960,1.00000,113.727,-0.047,0
13.7880,0.92061,0.98658,-0.00547,0.93210,1.00000,116.888,-0.043,0
13.8380,0.91525,0.98643,-0.00538,0.92460,1.00000,120.014,-0.040,0
13.8880,0.90960,0.98600,-0.00528,0.91710,1.00000,123.112,-0.037,0
13.9380,0.90371,0.98536,-0.00516,0.90960,1.00000,126.189,-0.034,0
13.9880,0.89761,0.98456,-0.00503,0.90210,1.00000,129.249,-0.031,0
14.0380,0.89133,0.98365,-0.00488,0.89460,1.00000,132.294,-0.029,0
14.0880,0.88490,0.98266,-0.00472,0.88710,1.00000,135.328,-0.026,0
14.1380,0.87833,0.98164,-0.00455,0.87960,1.00000,138.352,-0.025,0
14.1880,0.87168,0.98061,-0.00438,0.87210,1.00000,141.370,-0.023,0
14.2380,0.86492,0.97961,-0.00419,0.86460,1.00000,144.382,-0.022,0
14.2880,0.85809,0.97863,-0.00400,0.85710,1.00000,147.389,-0.021,0
14.3380,0.85119,0.97768,-0.00381,0.84960,1.00000,150.393,-0.020,0
14.3880,0.84422,0.97677,-0.00361,0.84210,1.00000,153.394,-0.019,0
14.4380,0.83720,0.97591,-0.00341,0.83460,1.00000,156.394,-0.018,0
14.4880,0.83015,0.97511,-0.00321,0.82710,1.00000,159.394,-0.018,0
14.5380,0.82305,0.97436,-0.00301,0.81960,1.00000,162.393,-0.017,0
14.5880,0.81594,0.97368,-0.00282,0.81210,1.00000,165.394,-0.017,0
14.6380,0.80881,0.97307,-0.00263,0.80460,1.00000,168.396,-0.016,0
14.6880,0.80168,0.97254,-0.00244,0.79710,1.00000,171.401,-0.015,0
14.7380,0.79454,0.97208,-0.00226,0.78960,1.00000,174.398,-0.015,0
14.7880,0.78739,0.97169,-0.00209,0.78210,1.00000,177.252,-0.014,0
14.8380,0.78019,0.97135,-0.00192,0.77460,1.00000,179.232,-0.014,0
14.8880,0.77283,0.97103,-0.00177,0.76710,1.00000,179.622,-0.013,0
14.9380,0.76528,0.97069,-0.00163,0.75960,1.00000,179.613,-0.012,0
14.9880,0.75757,0.97034,-0.00149,0.75210,1.00000,179.627,-0.011,0
15.0380,0.74974,0.96999,-0.00137,0.74460,1.00000,179.653,-0.010,0
15.0880,0.74182,0.96964,-0.00126,0.73710,1.00000,179.677,-0.009,0
15.1380,0.73382,0.96928,-0.00117,0.72960,1.00000,179.698,-0.009,0
15.1880,0.72576,0.96893,-0.00109,0.72210,1.00000,179.716,-0.008,0
15.2380,0.71767,0.96857,-0.00102,0.71460,1.00000,179.732,-0.008,0
15.2880,0.70954,0.96821,-0.00097,0.70710,1.00000,179.745,-0.007,0
15.3380,0.70142,0.96786,-0.00093,0.69960,1.00000,179.758,-0.007,0
15.3880,0.69329,0.96751,-0.00091,0.69210,1.00000,179.768,-0.006,0
15.4380,0.68518,0.96717,-0.00090,0.68460,1.00000,179.778,-0.006,0
15.4880,0.67709,0.96684,-0.00090,0.67710,1.00000,179.786,-0.006,0
15.5380,0.66904,0.96653,-0.00092,0.66960,1.00000,179.793,-0.006,0
15.5880,0.66103,0.96624,-0.00095,0.66210,1.00000,179.800,-0.006,0
15.6380,0.65307,0.96598,-0.00100,0.65460,1.00000,179.806,-0.005,0
15.6880,0.64515,0.96573,-0.00105,0.64710,1.00000,179.812,-0.005,0
15.7380,0.63729,0.96552,-0.00112,0.63960,1.00000,179.817,-0.005,0
15.7880,0.62948,0.96533,-0.00121,0.63210,1.00000,179.822,-0.005,0
15.8380,0.62171,0.96515,-0.00130,0.62460,1.00000,179.827,-0.005,0
15.8880,0.61398,0.96500,-0.00140,0.61710,1.00000,179.831,-0.005,0
15.9380,0.60631,0.96487,-0.00151,0.60960,1.00000,179.835,-0.006,0
15.9880,0.59868,0.96478,-0.00163,0.60210,1.00000,179.839,-0.006,0
16.0400,0.59081,0.96473,-0.00177,0.59430,1.00000,179.843,-0.006,0
16.0920,0.58298,0.96471,-0.00191,0.58650,1.00000,179.847,-0.006,0
16.1440,0.57521,0.96475,-0.00205,0.57870,1.00000,179.851,-0.006,0
16.1960,0.56749,0.96483,-0.00220,0.57090,1.00000,179.855,-0.007,0
16.2480,0.55980,0.96495,-0.00235,0.56310,1.00000,179.860,-0.007,0
16.3000,0.55216,0.96512,-0.00251,0.55530,1.00000,179.865,-0.008,0
16.3520,0.54454,0.96533,-0.00267,0.54750,1.00000,179.869,-0.008,0
16.4040,0.53695,0.96560,-0.00282,0.53970,1.00000,179.874,-0.009,0
16.4560,0.52938,0.96590,-0.00298,0.53190,1.00000,179.880,-0.009,0
16.5080,0.52184,0.96625,-0.00313,0.52410,1.00000,179.885,-0.010,0
16.5600,0.51431,0.96666,-0.00328,0.51630,1.00000,179.890,-0.010,0
16.6120,0.50679,0.96711,-0.00343,0.50850,1.00000,179.896,-0.011,0
16.6640,0.49930,0.96762,-0.00357,0.50070,1.00000,179.902,-0.011,0
16.7160,0.49181,0.96820,-0.00370,0.49290,1.00000,179.909,-0.012,0
16.7680,0.48433,0.96881,-0.00382,0.48510,1.00000,179.915,-0.012,0
16.8200,0.47685,0.96948,-0.00394,0.47730,1.00000,179.922,-0.013,0
16.8720,0.46937,0.97020,-0.00404,0.46950,1.00000,179.929,-0.013,0
16.9240,0.46187,0.97096,-0.00414,0.46170,1.00000,179.936,-0.014,0
16.9760,0.45435,0.97174,-0.00423,0.45390,1.00000,179.943,-0.014,0
17.0280,0.44682,0.97258,-0.00430,0.44610,1.00000,179.950,-0.015,0
17.0800,0.43928,0.97345,-0.00436,0.43830,1.00000,179.958,-0.015,0
17.1320,0.43171,0.97435,-0.00442,0.43050,1.00000,179.965,-0.015,0
17.1840,0.42412,0.97528,-0.00445,0.42270,1.00000,179.972,-0.016,0
17.2360,0.41650,0.97624,-0.00448,0.41490,1.00000,179.979,-0.016,0
17.2880,0.40886,0.97723,-0.00449,0.40710,1.00000,179.986,-0.016,0
17.3400,0.40118,0.97823,-0.00449,0.39930,1.00000,179.993,-0.016,0
17.3920,0.39349,0.97927,-0.00448,0.39150,1.00000,180.000,-0.016,0
17.4440,0.38541,0.97900,-0.00445,0.38370,1.00000,-179.716,-0.022,0
17.4960,0.37687,0.97768,-0.00439,0.37590,1.00000,-179.375,-0.029,0
17.5480,0.36849,0.97750,-0.00428,0.36810,1.00000,-179.601,-0.027,0
17.6000,0.36018,0.97752,-0.00417,0.36030,1.00000,-179.673,-0.029,0
17.6520,0.35194,0.97775,-0.00406,0.35250,1.00000,-179.723,-0.027,0
17.7040,0.34375,0.97816,-0.00394,0.34470,1.00000,-179.765,-0.026,0
17.7560,0.33562,0.97873,-0.00381,0.33690,1.00000,-179.800,-0.024,0
17.8080,0.32752,0.97944,-0.00368,0.32910,1.00000,-179.827,-0.023,0
17.8600,0.31946,0.98027,-0.00354,0.32130,1.00000,-179.850,-0.021,0
17.9120,0.31141,0.98118,-0.00340,0.31350,1.00000,-179.868,-0.020,0
17.9640,0.30338,0.98219,-0.00326,0.30570,1.00000,-179.883,-0.019,0
18.0160,0.29536,0.98326,-0.00311,0.29790,1.00000,-179.894,-0.018,0
18.0680,0.28735,0.98439,-0.00296,0.29010,1.00000,-179.904,-0.017,0
18.1200,0.27934,0.98556,-0.00281,0.28230,1.00000,-179.911,-0.016,0
18.1720,0.27133,0.98676,-0.00266,0.27450,1.00000,-179.917,-0.016,0
18.2240,0.26332,0.98799,-0.00251,0.26670,1.00000,-179.921,-0.015,0
18.2760,0.25532,0.98924,-0.00236,0.25890,1.00000,-179.924,-0.014,0
18.3280,0.24731,0.99050,-0.00222,0.25110,1.00000,-179.926,-0.014,0
18.3800,0.23931,0.99178,-0.00207,0.24330,1.00000,-179.928,-0.013,0
18.4320,0.23130,0.99305,-0.00193,0.23550,1.00000,-179.929,-0.013,0
18.4840,0.22328,0.99430,-0.00179,0.22770,1.00000,-179.930,-0.012,0
18.5360,0.21524,0.99553,-0.00166,0.21990,1.00000,-179.931,-0.012,0
18.5880,0.20719,0.99674,-0.00153,0.21210,1.00000,-179.931,-0.011,0
18.6400,0.19914,0.99792,-0.00141,0.20430,1.00000,-179.931,-0.011,0
18.6920,0.19106,0.99906,-0.00129,0.19650,1.00000,-179.931,-0.011,0
18.7440,0.18297,1.00016,-0.00118,0.18870,1.00000,-179.931,-0.010,0
18.7960,0.17488,1.00122,-0.00108,0.18090,1.00000,-179.932,-0.010,0
18.8480,0.16676,1.00223,-0.00099,0.17310,1.00000,-179.932,-0.010,0
18.9000,0.15865,1.00321,-0.00091,0.16530,1.00000,-179.932,-0.010,0
18.9520,0.15053,1.00415,-0.00083,0.15750,1.00000,-179.932,-0.009,0
19.0040,0.14240,1.00505,-0.00076,0.14970,1.00000,-179.933,-0.009,0
19.0560,0.13427,1.00590,-0.00070,0.14190,1.00000,-179.933,-0.009,0
19.1080,0.12614,1.00670,-0.00065,0.13410,1.00000,-179.934,-0.009,0
19.1600,0.11801,1.00746,-0.00061,0.12630,1.00000,-179.934,-0.009,0
19.2120,0.10987,1.00817,-0.00058,0.11850,1.00000,-179.935,-0.009,0
19.2640,0.10176,1.00886,-0.00056,0.11070,1.00000,-179.936,-0.009,0
19.3160,0.09366,1.00952,-0.00055,0.10290,1.00000,-179.937,-0.009,0
19.3680,0.08556,1.01014,-0.00054,0.09510,1.00000,-179.937,-0.009,0
19.4200,0.07748,1.01072,-0.00054,0.08730,1.00000,-179.938,-0.008,0
19.4720,0.06940,1.01125,-0.00055,0.07950,1.00000,-179.939,-0.008,0
19.5240,0.06133,1.01176,-0.00057,0.07170,1.00000,-179.940,-0.008,0
19.5760,0.05327,1.01222,-0.00059,0.06390,1.00000,-179.942,-0.008,0
19.6280,0.04522,1.01264,-0.00062,0.05610,1.00000,-179.943,-0.008,0
19.6800,0.03718,1.01304,-0.00065,0.04830,1.00000,-179.944,-0.008,0
19.7320,0.02915,1.01339,-0.00069,0.04050,1.00000,-179.945,-0.008,0
19.7840,0.02114,1.01372,-0.00073,0.03270,1.00000,-179.946,-0.008,0
19.8360,0.01315,1.01403,-0.00077,0.02490,1.00000,-179.947,-0.008,0
19.8880,0.00517,1.01431,-0.00081,0.01710,1.00000,-179.949,-0.008,0
19.9400,-0.00279,1.01456,-0.00086,0.00930,1.00000,-179.950,-0.008,0
19.9920,-0.01074,1.01479,-0.00090,0.00150,1.00000,-179.951,-0.008,0
20.0440,-0.01868,1.01498,-0.00094,0.00000,0.99370,-179.952,-0.009,0
20.0960,-0.02608,1.01478,-0.00098,0.00000,0.98590,-179.169,0.001,0
20.1480,-0.03222,1.01363,-0.00102,0.00000,0.97810,-176.431,0.013,0
20.2000,-0.03714,1.01158,-0.00105,0.00000,0.97030,-172.590,0.006,0
20.2520,-0.04100,1.00874,-0.00107,0.00000,0.96250,-168.654,-0.002,0
20.3040,-0.04398,1.00520,-0.00109,0.00000,0.95470,-164.837,-0.007,0
20.3560,-0.04623,1.00102,-0.00111,0.00000,0.94690,-161.141,-0.010,0
20.4080,-0.04792,0.99624,-0.00111,0.00000,0.93910,-157.544,-0.013,0
20.4600,-0.04915,0.99090,-0.00111,0.00000,0.93130,-154.028,-0.014,0
20.5120,-0.05005,0.98503,-0.00110,0.00000,0.92350,-150.577,-0.015,0
20.5640,-0.05070,0.97865,-0.00108,0.00000,0.91570,-147.181,-0.015,0
20.6160,-0.05116,0.97177,-0.00105,0.00000,0.90790,-143.831,-0.015,0
20.6680,-0.05149,0.96442,-0.00101,0.00000,0.90010,-140.520,-0.015,0
20.7200,-0.05174,0.95661,-0.00096,0.00000,0.89230,-137.241,-0.015,0
20.7720,-0.05192,0.94834,-0.00089,0.00000,0.88450,-133.988,-0.015,0
20.8240,-0.05204,0.93965,-0.00082,0.00000,0.87670,-130.759,-0.015,0
20.8760,-0.05213,0.93055,-0.00073,0.00000,0.86890,-127.548,-0.015,0
20.9280,-0.05217,0.92106,-0.00063,0.00000,0.86110,-124.352,-0.016,0
20.9800,-0.05215,0.91121,-0.00052,0.00000,0.85330,-121.168,-0.016,0
21.0320,-0.05207,0.90103,-0.00039,0.00000,0.84550,-117.991,-0.017,0
21.0840,-0.05191,0.89056,-0.00026,0.00000,0.83770,-114.820,-0.018,0
21.1360,-0.05164,0.87984,-0.00011,0.00000,0.82990,-111.650,-0.019,0
21.1880,-0.05125,0.86890,0.00005,0.00000,0.82210,-108.479,-0.021,0
21.2400,-0.05074,0.85779,0.00021,0.00000,0.81430,-105.303,-0.022,0
21.2920,-0.05007,0.84655,0.00039,0.00000,0.80650,-102.118,-0.024,0
21.3440,-0.04924,0.83523,0.00058,0.00000,0.79870,-98.923,-0.026,0
21.3960,-0.04824,0.82386,0.00078,0.00000,0.79090,-95.728,-0.028,0
21.4480,-0.04706,0.81250,0.00098,0.00000,0.78310,-92.726,-0.029,0
21.5000,-0.04575,0.80122,0.00120,0.00000,0.77530,-90.994,-0.031,0
21.5520,-0.04442,0.79014,0.00141,0.00000,0.76750,-90.695,-0.033,0
21.6040,-0.04315,0.77926,0.00164,0.00000,0.75970,-90.630,-0.034,0
21.6560,-0.04194,0.76859,0.00186,0.00000,0.75190,-90.546,-0.036,0
21.7080,-0.04079,0.75812,0.00209,0.00000,0.74410,-90.469,-0.037,0
21.7600,-0.03970,0.74784,0.00232,0.00000,0.73630,-90.407,-0.038,0
21.8120,-0.03869,0.73773,0.00255,0.00000,0.72850,-90.357,-0.039,0
21.8640,-0.03777,0.72778,0.00278,0.00000,0.72070,-90.316,-0.040,0
21.9160,-0.03693,0.71798,0.00301,0.00000,0.71290,-90.283,-0.041,0
21.9680,-0.03619,0.70831,0.00323,0.00000,0.70510,-90.256,-0.041,0
22.0200,-0.03554,0.69875,0.00344,0.00000,0.69730,-90.234,-0.042,0
22.0720,-0.03499,0.68931,0.00365,0.00000,0.68950,-90.216,-0.042,0
22.1240,-0.03453,0.67997,0.00386,0.00000,0.68170,-90.201,-0.042,0
22.1760,-0.03417,0.67071,0.00405,0.00000,0.67390,-90.189,-0.042,0
22.2280,-0.03391,0.66152,0.00423,0.00000,0.66610,-90.178,-0.042,0
22.2800,-0.03374,0.65240,0.00440,0.00000,0.65830,-90.169,-0.042,0
22.3320,-0.03365,0.64335,0.00456,0.00000,0.65050,-90.162,-0.042,0
22.3840,-0.03364,0.63434,0.00470,0.00000,0.64270,-90.155,-0.042,0
22.4360,-0.03371,0.62539,0.00483,0.00000,0.63490,-90.149,-0.042,0
22.4880,-0.03382,0.61648,0.00494,0.00000,0.62710,-90.143,-0.041,0
22.5400,-0.03400,0.60761,0.00503,0.00000,0.61930,-90.138,-0.041,0
22.5920,-0.03423,0.59878,0.00510,0.00000,0.61150,-90.133,-0.041,0
22.6440,-0.03452,0.58998,0.00515,0.00000,0.60370,-90.129,-0.040,0
22.6960,-0.03485,0.58122,0.00519,0.00000,0.59590,-90.124,-0.039,0
22.7480,-0.03521,0.57248,0.00520,0.00000,0.58810,-90.119,-0.039,0
22.8000,-0.03561,0.56377,0.00519,0.00000,0.58030,-90.115,-0.038,0
22.8520,-0.03603,0.55508,0.00516,0.00000,0.57250,-90.110,-0.037,0
22.9040,-0.03648,0.54643,0.00511,0.00000,0.56470,-90.105,-0.036,0
22.9560,-0.03694,0.53780,0.00504,0.00000,0.55690,-90.100,-0.035,0
23.0080,-0.03741,0.52920,0.00494,0.00000,0.54910,-90.095,-0.034,0
23.0600,-0.03790,0.52062,0.00482,0.00000,0.54130,-90.089,-0.033,0
23.1120,-0.03840,0.51207,0.00468,0.00000,0.53350,-90.083,-0.032,0
23.1640,-0.03890,0.50355,0.00451,0.00000,0.52570,-90.078,-0.030,0
23.2160,-0.03940,0.49506,0.00433,0.00000,0.51790,-90.072,-0.029,0
23.2680,-0.03987,0.48662,0.00412,0.00000,0.51010,-90.065,-0.028,0
23.3200,-0.04033,0.47821,0.00390,0.00000,0.50230,-90.059,-0.026,0
23.3720,-0.04077,0.46983,0.00365,0.00000,0.49450,-90.052,-0.025,0
23.4240,-0.04119,0.46150,0.00339,0.00000,0.48670,-90.045,-0.023,0
23.4760,-0.04158,0.45322,0.00310,0.00000,0.47890,-90.038,-0.022,0
23.5280,-0.04194,0.44497,0.00280,0.00000,0.47110,-90.031,-0.021,0
23.5800,-0.04225,0.43678,0.00249,0.00000,0.46330,-90.024,-0.019,0
23.6320,-0.04254,0.42864,0.00216,0.00000,0.45550,-90.017,-0.018,0
23.6840,-0.04279,0.42055,0.00182,0.00000,0.44770,-90.009,-0.017,0
23.7360,-0.04299,0.41251,0.00146,0.00000,0.43990,-90.002,-0.016,0
23.7880,-0.04314,0.40453,0.00110,0.00000,0.43210,-89.995,-0.014,0
23.8400,-0.04324,0.39660,0.00072,0.00000,0.42430,-89.987,-0.013,0
23.8920,-0.04331,0.38872,0.00035,0.00000,0.41650,-89.980,-0.012,0
23.9440,-0.04334,0.38090,-0.00004,0.00000,0.40870,-89.973,-0.012,0
23.9960,-0.04331,0.37313,-0.00043,0.00000,0.40090,-89.966,-0.011,0
24.0480,-0.04322,0.36542,-0.00082,0.00000,0.39310,-89.959,-0.010,0
24.1000,-0.04308,0.35777,-0.00121,0.00000,0.38530,-89.953,-0.009,0
24.1520,-0.04289,0.35017,-0.00160,0.00000,0.37750,-89.947,-0.009,0
24.2040,-0.04266,0.34261,-0.00198,0.00000,0.36970,-89.941,-0.009,0
24.2560,-0.04239,0.33511,-0.00236,0.00000,0.36190,-89.935,-0.008,0
24.3080,-0.04207,0.32766,-0.00273,0.00000,0.35410,-89.930,-0.008,0
24.3600,-0.04170,0.32025,-0.00309,0.00000,0.34630,-89.925,-0.008,0
24.4120,-0.04130,0.31288,-0.00345,0.00000,0.33850,-89.920,-0.008,0
24.4640,-0.04087,0.30554,-0.00379,0.00000,0.33070,-89.916,-0.008,0
24.5160,-0.04040,0.29825,-0.00411,0.00000,0.32290,-89.912,-0.009,0
24.5680,-0.03988,0.29099,-0.00442,0.00000,0.31510,-89.908,-0.009,0
24.6200,-0.03932,0.28376,-0.00471,0.00000,0.30730,-89.906,-0.010,0
24.6720,-0.03873,0.27657,-0.00499,0.00000,0.29950,-89.903,-0.010,0
24.7240,-0.03810,0.26940,-0.00524,0.00000,0.29170,-89.901,-0.011,0
24.7760,-0.03744,0.26225,-0.00548,0.00000,0.28390,-89.900,-0.011,0
24.8280,-0.03675,0.25512,-0.00569,0.00000,0.27610,-89.899,-0.012,0
24.8800,-0.03604,0.24801,-0.00588,0.00000,0.26830,-89.898,-0.013,0
24.9320,-0.03531,0.24090,-0.00605,0.00000,0.26050,-89.898,-0.014,0
24.9840,-0.03458,0.23379,-0.00619,0.00000,0.25270,-89.898,-0.014,0
25.0360,-0.03383,0.22669,-0.00631,0.00000,0.24490,-89.899,-0.015,0
25.0880,-0.03306,0.21959,-0.00640,0.00000,0.23710,-89.900,-0.016,0
25.1400,-0.03228,0.21249,-0.00647,0.00000,0.22930,-89.902,-0.017,0
25.1920,-0.03149,0.20538,-0.00651,0.00000,0.22150,-89.904,-0.017,0
25.2440,-0.03069,0.19826,-0.00652,0.00000,0.21370,-89.906,-0.018,0
25.2960,-0.02989,0.19112,-0.00651,0.00000,0.20590,-89.909,-0.019,0
25.3480,-0.02909,0.18397,-0.00648,0.00000,0.19810,-89.912,-0.019,0
25.4000,-0.02829,0.17681,-0.00642,0.00000,0.19030,-89.915,-0.020,0
25.4520,-0.02747,0.16963,-0.00634,0.00000,0.18250,-89.919,-0.021,0
25.5040,-0.02667,0.16242,-0.00623,0.00000,0.17470,-89.922,-0.021,0
25.5560,-0.02589,0.15518,-0.00610,0.00000,0.16690,-89.926,-0.021,0
25.6080,-0.02512,0.14792,-0.00595,0.00000,0.15910,-89.931,-0.022,0
25.6600,-0.02438,0.14061,-0.00578,0.00000,0.15130,-89.935,-0.022,0
25.7120,-0.02367,0.13328,-0.00560,0.00000,0.14350,-89.939,-0.022,0
25.7640,-0.02299,0.12589,-0.00539,0.00000,0.13570,-89.943,-0.022,0
25.8160,-0.02235,0.11847,-0.00517,0.00000,0.12790,-89.948,-0.022,0
25.8680,-0.02176,0.11101,-0.00493,0.00000,0.12010,-89.952,-0.022,0
25.9200,-0.02120,0.10350,-0.00468,0.00000,0.11230,-89.956,-0.022,0
25.9720,-0.02067,0.09596,-0.00442,0.00000,0.10450,-89.960,-0.022,0
26.0240,-0.02017,0.08837,-0.00415,0.00000,0.09670,-89.964,-0.022,0
26.0760,-0.01970,0.08075,-0.00387,0.00000,0.08890,-89.968,-0.021,0
26.1280,-0.01927,0.07310,-0.00359,0.00000,0.08110,-89.971,-0.021,0
26.1800,-0.01887,0.06540,-0.00330,0.00000,0.07330,-89.975,-0.021,0
26.2320,-0.01852,0.05766,-0.00301,0.00000,0.06550,-89.978,-0.020,0
26.2840,-0.01820,0.04989,-0.00272,0.00000,0.05770,-89.981,-0.020,0
26.3360,-0.01791,0.04209,-0.00243,0.00000,0.04990,-89.984,-0.019,0
26.3880,-0.01764,0.03427,-0.00215,0.00000,0.04210,-89.987,-0.019,0
26.4400,-0.01740,0.02641,-0.00187,0.00000,0.03430,-89.990,-0.018,0
26.4920,-0.01719,0.01852,-0.00159,0.00000,0.02650,-89.993,-0.018,0
26.5440,-0.01701,0.01061,-0.00133,0.00000,0.01870,-89.995,-0.017,0
26.5960,-0.01687,0.00267,-0.00108,0.00000,0.01090,-89.997,-0.017,0
26.6480,-0.01678,-0.00529,-0.00083,0.00000,0.00310,-89.999,-0.016,0
